{
  "_id": "d87ce60d-a425-4342-92fa-36acacc57b1e",
  "aiPersonaId": "d7b6f510-5042-4d6e-a81a-cb2291e507f4",
  "integrationId": "bearish-engulfing-8403",
  "name": "Workflow for Bearish Engulfing",
  "publisherAccountId": "81ed5e23-4e30-45ce-9c27-63b08616b46a",
  "startTaskId": "1743179008130",
  "status": "Active",
  "tasks": [
    {
      "_id": "6c69a619-c57f-4675-b4b2-a8b517a64392",
      "type": "Display",
      "config": {
        "description": "Display the response to the user",
        "name": "Display",
        "type": "text",
        "text": "Hi there! Intent $input.intent has been matched",
        "formatVariables": [],
        "rawText": ""
      },
      "transitions": []
    },
    {
      "_id": "1743179008130",
      "type": "CollectionRead",
      "config": {
        "description": "Read data from table",
        "name": "Table Read",
        "collectionConfigId": "47fd12fb-9421-4fd0-be8f-15318b098371",
        "filters": "",
        "projections": ""
      },
      "transitions": [
        {
          "name": "Default",
          "_id": "1743179008130-1743179015968",
          "nextTask": "1743179015968"
        }
      ],
      "globalVariables": [
        {
          "name": "bearish_out",
          "referencePath": "$output.data"
        }
      ]
    },
    {
      "_id": "1743179015968",
      "type": "Prompt",
      "config": {
        "description": "Prompt for LLM",
        "name": "Prompt",
        "modelId": "4cf651d9-edf3-455f-a22e-53cc67fcc07b",
        "systemPrompt": "calculate a resemblance score for a bearish engulfing based on the table\nIt calculates three key components:\n\nBearish Strength: This is 1 if the current candle is bearish (close < open) and 0 otherwise.\n\nBody Engulf Ratio: Computed as the minimum of 1 and the ratio of the current candle’s body (open - close) to the absolute difference of the previous candle’s open and close.\n\nRange Engulf Ratio: Computed as the minimum of 1 and the ratio of the current candle’s body (open - close) to the range of the previous candle (prev_high - prev_low).\n\nThese components are combined using a weighted sum (40% bearish strength, 30% body engulf ratio, and 30% range engulf ratio) to produce a final score, clamped between 0 and 1.\n\n\nProvide a small response in the format below for each input in the table\n\nFinal Value: [score]\n\n",
        "base64DocumentData": "",
        "documentIds": "",
        "responseFormat": "text",
        "query": "$input.data",
        "temperature": null
      },
      "transitions": [
        {
          "name": "Default",
          "_id": "1743179015968-6c69a619-c57f-4675-b4b2-a8b517a64392",
          "nextTask": "6c69a619-c57f-4675-b4b2-a8b517a64392"
        }
      ],
      "globalVariables": []
    }
  ],
  "type": "Conversational",
  "version": "latest",
  "reactflow": {
    "viewport": {
      "x": 39,
      "y": -16,
      "zoom": 1
    },
    "nodes": [
      {
        "id": "0",
        "type": "Start",
        "position": {
          "x": 339,
          "y": 415
        },
        "data": {},
        "deletable": false,
        "measured": {
          "width": 261,
          "height": 136
        },
        "selected": false
      },
      {
        "position": {
          "x": 885,
          "y": 406
        },
        "type": "Display",
        "id": "6c69a619-c57f-4675-b4b2-a8b517a64392",
        "data": {},
        "measured": {
          "width": 298,
          "height": 78
        },
        "selected": false,
        "dragging": false
      },
      {
        "position": {
          "x": 438,
          "y": 251
        },
        "type": "CollectionRead",
        "id": "1743179008130",
        "data": {},
        "measured": {
          "width": 260,
          "height": 78
        },
        "selected": false,
        "dragging": false
      },
      {
        "position": {
          "x": 733,
          "y": 133
        },
        "type": "Prompt",
        "id": "1743179015968",
        "data": {},
        "measured": {
          "width": 260,
          "height": 78
        },
        "selected": false,
        "dragging": false
      }
    ],
    "edges": [
      {
        "id": "xy-edge__00-source-1-17431790081301743179008130-target-3",
        "type": "Start",
        "source": "0",
        "target": "1743179008130",
        "markerEnd": {
          "type": "arrowclosed",
          "width": 22,
          "height": 22
        },
        "sourceHandle": "0-source-1",
        "selected": false,
        "targetHandle": "1743179008130-target-3"
      },
      {
        "type": "Transition",
        "id": "1743179008130-1743179015968",
        "source": "1743179008130",
        "target": "1743179015968",
        "markerEnd": {
          "type": "arrowclosed",
          "width": 22,
          "height": 22
        },
        "sourceHandle": "1743179008130-source-2",
        "targetHandle": "1743179015968-target-1",
        "selected": false
      },
      {
        "type": "Transition",
        "id": "1743179015968-6c69a619-c57f-4675-b4b2-a8b517a64392",
        "source": "1743179015968",
        "target": "6c69a619-c57f-4675-b4b2-a8b517a64392",
        "markerEnd": {
          "type": "arrowclosed",
          "width": 22,
          "height": 22
        },
        "sourceHandle": "1743179015968-source-3",
        "targetHandle": "6c69a619-c57f-4675-b4b2-a8b517a64392-target-2",
        "selected": false
      }
    ]
  }
}