{
  "_id": "72f1a3e2-187b-401d-bdcc-756a4914dfc8",
  "aiPersonaId": "d7b6f510-5042-4d6e-a81a-cb2291e507f4",
  "integrationId": "evening-star-2363",
  "name": "Workflow for Evening Star",
  "publisherAccountId": "81ed5e23-4e30-45ce-9c27-63b08616b46a",
  "startTaskId": "1743180787991",
  "status": "Active",
  "tasks": [
    {
      "_id": "ce645098-4896-4ff1-b06c-3d1ed3d45149",
      "type": "Display",
      "config": {
        "description": "Display the response to the user",
        "name": "Display",
        "type": "text",
        "text": "Hi there! Intent $input.intent has been matched"
      },
      "transitions": []
    },
    {
      "_id": "1743180787991",
      "type": "CollectionRead",
      "config": {
        "description": "Read data from table",
        "name": "Table Read",
        "collectionConfigId": "47fd12fb-9421-4fd0-be8f-15318b098371",
        "filters": "",
        "projections": ""
      },
      "transitions": [
        {
          "name": "Default",
          "_id": "1743180787991-1743180791579",
          "nextTask": "1743180791579"
        }
      ],
      "globalVariables": [
        {
          "name": "bearish_out",
          "referencePath": "$output.data"
        }
      ]
    },
    {
      "_id": "1743180791579",
      "type": "Prompt",
      "config": {
        "description": "Prompt for LLM",
        "name": "Prompt",
        "modelId": "4cf651d9-edf3-455f-a22e-53cc67fcc07b",
        "systemPrompt": "calculates a resemblance score for an evening star pattern based on the table\nIt calculates three key components:\n\nBullish First Candle: This is 1 if the candle two periods prior is bullish (close > open) and has a body size ≥ 50% of its range (high - low), otherwise 0.\n\nGap Up and Small Body: Computed as 1 if the previous candle opens above the first candle’s close (gap up) and its body size (|open - close|) ≤ 10% of its total range, otherwise 0.\n\nBearish Third Candle: Computed as the minimum of 1 and the ratio of the current candle’s body (open - close) to the first candle’s body (close - open) multiplied by 1 if the current candle closes below the midpoint of the first candle’s body, else 0.\n\nThese components are combined using a weighted sum (30% bullish first candle, 40% gap up and small body, 30% bearish third candle) to produce a final score, clamped between 0 and 1.\n\nFor each input in the table, provide a small response in the format:\nFinal Value: [score]\n\nExample Response:\nFinal Value: 0.68",
        "base64DocumentData": "",
        "documentIds": "",
        "responseFormat": "text",
        "query": "$input.data",
        "temperature": null
      },
      "transitions": [
        {
          "name": "Default",
          "_id": "1743180791579-ce645098-4896-4ff1-b06c-3d1ed3d45149",
          "nextTask": "ce645098-4896-4ff1-b06c-3d1ed3d45149"
        }
      ]
    }
  ],
  "type": "Conversational",
  "version": "latest",
  "reactflow": {
    "viewport": {
      "x": -53.21629839726745,
      "y": 39.66557789275822,
      "zoom": 1
    },
    "nodes": [
      {
        "id": "0",
        "type": "Start",
        "position": {
          "x": 360,
          "y": 400
        },
        "data": {},
        "deletable": false,
        "measured": {
          "width": 261,
          "height": 136
        },
        "selected": false
      },
      {
        "position": {
          "x": 840,
          "y": 400
        },
        "type": "Display",
        "id": "ce645098-4896-4ff1-b06c-3d1ed3d45149",
        "data": {},
        "measured": {
          "width": 298,
          "height": 78
        },
        "selected": false
      },
      {
        "position": {
          "x": 457,
          "y": 210
        },
        "type": "CollectionRead",
        "id": "1743180787991",
        "data": {},
        "measured": {
          "width": 260,
          "height": 78
        },
        "selected": false,
        "dragging": false
      },
      {
        "position": {
          "x": 855,
          "y": 210
        },
        "type": "Prompt",
        "id": "1743180791579",
        "data": {},
        "measured": {
          "width": 260,
          "height": 78
        },
        "selected": false,
        "dragging": false
      }
    ],
    "edges": [
      {
        "id": "xy-edge__00-source-1-17431807879911743180787991-target-3",
        "type": "Start",
        "source": "0",
        "target": "1743180787991",
        "markerEnd": {
          "type": "arrowclosed",
          "width": 22,
          "height": 22
        },
        "sourceHandle": "0-source-1",
        "selected": false,
        "targetHandle": "1743180787991-target-3"
      },
      {
        "type": "Transition",
        "id": "1743180787991-1743180791579",
        "source": "1743180787991",
        "target": "1743180791579",
        "markerEnd": {
          "type": "arrowclosed",
          "width": 22,
          "height": 22
        },
        "sourceHandle": "1743180787991-source-1",
        "targetHandle": "1743180791579-target-1",
        "selected": false
      },
      {
        "type": "Transition",
        "id": "1743180791579-ce645098-4896-4ff1-b06c-3d1ed3d45149",
        "source": "1743180791579",
        "target": "ce645098-4896-4ff1-b06c-3d1ed3d45149",
        "markerEnd": {
          "type": "arrowclosed",
          "width": 22,
          "height": 22
        },
        "sourceHandle": "1743180791579-source-3",
        "targetHandle": "ce645098-4896-4ff1-b06c-3d1ed3d45149-target-2",
        "selected": false
      }
    ]
  }
}