{
  "_id": "40f02b50-bc86-46e7-8a9b-a3f67f035cc6",
  "aiPersonaId": "d7b6f510-5042-4d6e-a81a-cb2291e507f4",
  "integrationId": "ma-bearish-engulfing-8728-primary-workflow-for-bearish-engulfing",
  "isMiniAgentPrimaryWorkflow": true,
  "name": "Primary Workflow for Bearish Engulfing",
  "publisherAccountId": "81ed5e23-4e30-45ce-9c27-63b08616b46a",
  "startTaskId": "bf8c2cba-557c-4c6c-9de6-f76a38fe8335",
  "status": "Active",
  "tasks": [
    {
      "_id": "bf8c2cba-557c-4c6c-9de6-f76a38fe8335",
      "type": "PassThrough",
      "config": {
        "name": "Pass Through",
        "description": "Pass through the input to the output"
      },
      "transitions": [
        {
          "_id": "a57abda4-6307-45bd-bff1-ce89a0b873fc-bf8c2cba-557c-4c6c-9de6-f76a38fe8335",
          "nextTask": "a57abda4-6307-45bd-bff1-ce89a0b873fc",
          "name": "If query doesnt exists",
          "rules": [
            {
              "type": "any",
              "operator": "notExists",
              "path": "$output.query"
            }
          ]
        },
        {
          "_id": "d5ca7b13-83c0-4eeb-b096-fba62b9c8087-bf8c2cba-557c-4c6c-9de6-f76a38fe8335",
          "nextTask": "d5ca7b13-83c0-4eeb-b096-fba62b9c8087",
          "name": "If intents are already classified",
          "rules": [
            {
              "type": "any",
              "operator": "exists",
              "path": "$output.intents"
            },
            {
              "type": "any",
              "operator": "exists",
              "path": "$output.query"
            }
          ]
        },
        {
          "_id": "bf8c2cba-557c-4c6c-9de6-f76a38fe8335-d2936262-e0e7-4a8d-9bf1-ce8dd14e57d4",
          "name": "If query exists",
          "nextTask": "d2936262-e0e7-4a8d-9bf1-ce8dd14e57d4",
          "rules": [
            {
              "type": "any",
              "operator": "exists",
              "path": "$output.query"
            },
            {
              "type": "any",
              "operator": "notExists",
              "path": "$output.intents"
            }
          ]
        }
      ],
      "globalVariables": [
        {
          "name": "query",
          "referencePath": "$input.query"
        },
        {
          "name": "rawQuery",
          "referencePath": "$input.rawQuery"
        },
        {
          "name": "conversationId",
          "referencePath": "$input.conversationId"
        }
      ]
    },
    {
      "_id": "a57abda4-6307-45bd-bff1-ce89a0b873fc",
      "type": "Input",
      "config": {
        "name": "User Input",
        "description": "Get user input",
        "type": "string"
      },
      "transitions": [
        {
          "_id": "a57abda4-6307-45bd-bff1-ce89a0b873fc-d2936262-e0e7-4a8d-9bf1-ce8dd14e57d4",
          "name": "Default",
          "nextTask": "d2936262-e0e7-4a8d-9bf1-ce8dd14e57d4"
        }
      ],
      "globalVariables": [
        {
          "name": "query",
          "referencePath": "$output.userInput"
        },
        {
          "name": "rawQuery",
          "referencePath": "$output.userInput"
        },
        {
          "name": "selfLoopMiniAgent",
          "referencePath": "true"
        }
      ]
    },
    {
      "_id": "d2936262-e0e7-4a8d-9bf1-ce8dd14e57d4",
      "type": "Loader",
      "config": {
        "name": "Loader",
        "description": "Display loader message",
        "type": "loader",
        "text": "Just a moment... identifying the best approach to assist you."
      },
      "transitions": [
        {
          "_id": "d2936262-e0e7-4a8d-9bf1-ce8dd14e57d4-57fa692c-5da1-4748-aa98-bf9c39d50fa4",
          "name": "Default",
          "nextTask": "57fa692c-5da1-4748-aa98-bf9c39d50fa4"
        }
      ]
    },
    {
      "_id": "57fa692c-5da1-4748-aa98-bf9c39d50fa4",
      "type": "IntentClassification",
      "config": {
        "name": "Intent Classification",
        "description": "Classify the intent of the user message",
        "modelId": "4cf651d9-edf3-455f-a22e-53cc67fcc07b",
        "intents": [
          {
            "name": "Bearish Engulfing",
            "description": "Handles execution of stock market trades such as buy, sell, short sell, hold based on large language model prompts.",
            "examples": [
              ""
            ]
          }
        ],
        "query": "$agent.query"
      },
      "transitions": [
        {
          "_id": "57fa692c-5da1-4748-aa98-bf9c39d50fa4-d5ca7b13-83c0-4eeb-b096-fba62b9c8087",
          "name": "If Intent is Matched",
          "rules": [
            {
              "type": "string",
              "operator": "equal",
              "path": "$output.intentMatched",
              "value": "true"
            }
          ],
          "nextTask": "d5ca7b13-83c0-4eeb-b096-fba62b9c8087"
        },
        {
          "_id": "57fa692c-5da1-4748-aa98-bf9c39d50fa4-7a79aa11-6eda-4881-9e25-c1db16167871",
          "name": "If No Intent is Matched",
          "rules": [
            {
              "type": "string",
              "operator": "equal",
              "path": "$output.intentMatched",
              "value": "false"
            }
          ],
          "nextTask": "7a79aa11-6eda-4881-9e25-c1db16167871"
        }
      ]
    },
    {
      "_id": "d5ca7b13-83c0-4eeb-b096-fba62b9c8087",
      "type": "JSFunction",
      "config": {
        "name": "JS Function",
        "description": "Execute JS function",
        "code": "\nconst main = () => {\n    const currentExecutionId = _id;\n    const intents = agent?.icIntents?.[currentExecutionId] || input.intents;\n    const currentIndex = agent?.icLoopIndexes?.[currentExecutionId] || 0;\n    const currentIntent = intents[currentIndex] || {};\n    const { intent, task } = currentIntent;\n    const state = currentIndex === intents.length ? 'end' : 'continue'\n    const icLoopIndexes = { ...(agent?.icLoopIndexes || {}), [_id]: state === 'end' ? undefined : currentIndex + 1 };\n    const icIntents = { ...(agent?.icIntents || {}), [_id]: state === 'end' ? undefined : intents };\n    return { ...input, intent, state: currentIndex === intents.length ? 'end' : 'continue', icLoopIndexes, icIntents, query: task };\n};\n\nmain()\n"
      },
      "globalVariables": [
        {
          "referencePath": "$output.icLoopIndexes",
          "name": "icLoopIndexes"
        },
        {
          "referencePath": "$output.icIntents",
          "name": "icIntents"
        }
      ],
      "transitions": [
        {
          "_id": "d5ca7b13-83c0-4eeb-b096-fba62b9c8087-76d81bea-cb16-49a4-875d-ed34241db4ea",
          "name": "If Intent is Matched",
          "rules": [
            {
              "type": "string",
              "operator": "equal",
              "path": "$output.intent",
              "value": "Bearish Engulfing"
            }
          ],
          "nextTask": "76d81bea-cb16-49a4-875d-ed34241db4ea"
        },
        {
          "_id": "d5ca7b13-83c0-4eeb-b096-fba62b9c8087-a57abda4-6307-45bd-bff1-ce89a0b873fc",
          "name": "If Self Loop",
          "rules": [
            {
              "type": "string",
              "operator": "equal",
              "path": "$agent.selfLoopMiniAgent",
              "value": "true"
            },
            {
              "type": "string",
              "operator": "equal",
              "path": "$output.state",
              "value": "end"
            }
          ],
          "nextTask": "a57abda4-6307-45bd-bff1-ce89a0b873fc"
        }
      ]
    },
    {
      "_id": "76d81bea-cb16-49a4-875d-ed34241db4ea",
      "type": "Workflow",
      "config": {
        "name": "Intent - Bearish Engulfing",
        "description": "Workflow for intent - Bearish Engulfing",
        "workflowId": "d87ce60d-a425-4342-92fa-36acacc57b1e"
      },
      "transitions": [
        {
          "_id": "76d81bea-cb16-49a4-875d-ed34241db4ea-d5ca7b13-83c0-4eeb-b096-fba62b9c8087",
          "name": "Mini agent execution completed",
          "nextTask": "d5ca7b13-83c0-4eeb-b096-fba62b9c8087"
        }
      ]
    },
    {
      "_id": "7a79aa11-6eda-4881-9e25-c1db16167871",
      "transitions": [
        {
          "_id": "7a79aa11-6eda-4881-9e25-c1db16167871-a57abda4-6307-45bd-bff1-ce89a0b873fc",
          "name": "If Self Loop",
          "rules": [
            {
              "type": "string",
              "operator": "equal",
              "path": "$agent.selfLoopMiniAgent",
              "value": "true"
            }
          ],
          "nextTask": "a57abda4-6307-45bd-bff1-ce89a0b873fc"
        }
      ],
      "type": "Output",
      "config": {
        "name": "Output",
        "description": "Output the response to the user",
        "type": "external",
        "text": "Unable to complete task $agent.query"
      }
    },
    {
      "_id": "73c4d3a9-0de0-413c-9b65-ee6ed0ba87bd",
      "transitions": [
        {
          "_id": "73c4d3a9-0de0-413c-9b65-ee6ed0ba87bd-a57abda4-6307-45bd-bff1-ce89a0b873fc",
          "name": "If Self Loop",
          "rules": [
            {
              "type": "string",
              "operator": "equal",
              "path": "$agent.selfLoopMiniAgent",
              "value": "true"
            }
          ],
          "nextTask": "a57abda4-6307-45bd-bff1-ce89a0b873fc"
        }
      ],
      "type": "Display",
      "config": {
        "name": "Display",
        "description": "Display the response to the user",
        "type": "text",
        "text": "$input.content"
      }
    }
  ],
  "type": "Conversational",
  "version": "latest"
}