{
  "_id": "24a83fde-e220-4a8e-8075-52551b2a8595",
  "aiPersonaId": "d7b6f510-5042-4d6e-a81a-cb2291e507f4",
  "integrationId": "ma-evening-star-0298-primary-workflow-for-evening-star",
  "isMiniAgentPrimaryWorkflow": true,
  "name": "Primary Workflow for Evening star",
  "publisherAccountId": "81ed5e23-4e30-45ce-9c27-63b08616b46a",
  "startTaskId": "92eaf261-34e1-4043-9b3d-93e0d636c227",
  "status": "Active",
  "tasks": [
    {
      "_id": "92eaf261-34e1-4043-9b3d-93e0d636c227",
      "type": "PassThrough",
      "config": {
        "name": "Pass Through",
        "description": "Pass through the input to the output"
      },
      "transitions": [
        {
          "_id": "500ac59e-20dd-40ca-8196-2630bd09207f-92eaf261-34e1-4043-9b3d-93e0d636c227",
          "nextTask": "500ac59e-20dd-40ca-8196-2630bd09207f",
          "name": "If query doesnt exists",
          "rules": [
            {
              "type": "any",
              "operator": "notExists",
              "path": "$output.query"
            }
          ]
        },
        {
          "_id": "2260bd4a-2b9d-449e-b512-243f6bd9ee54-92eaf261-34e1-4043-9b3d-93e0d636c227",
          "nextTask": "2260bd4a-2b9d-449e-b512-243f6bd9ee54",
          "name": "If intents are already classified",
          "rules": [
            {
              "type": "any",
              "operator": "exists",
              "path": "$output.intents"
            },
            {
              "type": "any",
              "operator": "exists",
              "path": "$output.query"
            }
          ]
        },
        {
          "_id": "92eaf261-34e1-4043-9b3d-93e0d636c227-36e6bec7-ef64-4b1f-be71-e03b3846b1da",
          "name": "If query exists",
          "nextTask": "36e6bec7-ef64-4b1f-be71-e03b3846b1da",
          "rules": [
            {
              "type": "any",
              "operator": "exists",
              "path": "$output.query"
            },
            {
              "type": "any",
              "operator": "notExists",
              "path": "$output.intents"
            }
          ]
        }
      ],
      "globalVariables": [
        {
          "name": "query",
          "referencePath": "$input.query"
        },
        {
          "name": "rawQuery",
          "referencePath": "$input.rawQuery"
        },
        {
          "name": "conversationId",
          "referencePath": "$input.conversationId"
        }
      ]
    },
    {
      "_id": "500ac59e-20dd-40ca-8196-2630bd09207f",
      "type": "Input",
      "config": {
        "name": "User Input",
        "description": "Get user input",
        "type": "string"
      },
      "transitions": [
        {
          "_id": "500ac59e-20dd-40ca-8196-2630bd09207f-36e6bec7-ef64-4b1f-be71-e03b3846b1da",
          "name": "Default",
          "nextTask": "36e6bec7-ef64-4b1f-be71-e03b3846b1da"
        }
      ],
      "globalVariables": [
        {
          "name": "query",
          "referencePath": "$output.userInput"
        },
        {
          "name": "rawQuery",
          "referencePath": "$output.userInput"
        },
        {
          "name": "selfLoopMiniAgent",
          "referencePath": "true"
        }
      ]
    },
    {
      "_id": "36e6bec7-ef64-4b1f-be71-e03b3846b1da",
      "type": "Loader",
      "config": {
        "name": "Loader",
        "description": "Display loader message",
        "type": "loader",
        "text": "Just a moment... identifying the best approach to assist you."
      },
      "transitions": [
        {
          "_id": "36e6bec7-ef64-4b1f-be71-e03b3846b1da-c422c379-b94d-491f-bdb2-a174da540469",
          "name": "Default",
          "nextTask": "c422c379-b94d-491f-bdb2-a174da540469"
        }
      ]
    },
    {
      "_id": "c422c379-b94d-491f-bdb2-a174da540469",
      "type": "IntentClassification",
      "config": {
        "name": "Intent Classification",
        "description": "Classify the intent of the user message",
        "modelId": "4cf651d9-edf3-455f-a22e-53cc67fcc07b",
        "intents": [
          {
            "name": "Evening Star",
            "description": "Handles execution of stock market trades such as buy, sell, short sell, hold based on large language model prompts.",
            "examples": [
              ""
            ]
          }
        ],
        "query": "$agent.query"
      },
      "transitions": [
        {
          "_id": "c422c379-b94d-491f-bdb2-a174da540469-2260bd4a-2b9d-449e-b512-243f6bd9ee54",
          "name": "If Intent is Matched",
          "rules": [
            {
              "type": "string",
              "operator": "equal",
              "path": "$output.intentMatched",
              "value": "true"
            }
          ],
          "nextTask": "2260bd4a-2b9d-449e-b512-243f6bd9ee54"
        },
        {
          "_id": "c422c379-b94d-491f-bdb2-a174da540469-27b3c774-ed4b-4bea-b237-305b3da729c6",
          "name": "If No Intent is Matched",
          "rules": [
            {
              "type": "string",
              "operator": "equal",
              "path": "$output.intentMatched",
              "value": "false"
            }
          ],
          "nextTask": "27b3c774-ed4b-4bea-b237-305b3da729c6"
        }
      ]
    },
    {
      "_id": "2260bd4a-2b9d-449e-b512-243f6bd9ee54",
      "type": "JSFunction",
      "config": {
        "name": "JS Function",
        "description": "Execute JS function",
        "code": "\nconst main = () => {\n    const currentExecutionId = _id;\n    const intents = agent?.icIntents?.[currentExecutionId] || input.intents;\n    const currentIndex = agent?.icLoopIndexes?.[currentExecutionId] || 0;\n    const currentIntent = intents[currentIndex] || {};\n    const { intent, task } = currentIntent;\n    const state = currentIndex === intents.length ? 'end' : 'continue'\n    const icLoopIndexes = { ...(agent?.icLoopIndexes || {}), [_id]: state === 'end' ? undefined : currentIndex + 1 };\n    const icIntents = { ...(agent?.icIntents || {}), [_id]: state === 'end' ? undefined : intents };\n    return { ...input, intent, state: currentIndex === intents.length ? 'end' : 'continue', icLoopIndexes, icIntents, query: task };\n};\n\nmain()\n"
      },
      "globalVariables": [
        {
          "referencePath": "$output.icLoopIndexes",
          "name": "icLoopIndexes"
        },
        {
          "referencePath": "$output.icIntents",
          "name": "icIntents"
        }
      ],
      "transitions": [
        {
          "_id": "2260bd4a-2b9d-449e-b512-243f6bd9ee54-69b365df-2ca7-4ed1-a2e5-1a6de4c757bf",
          "name": "If Intent is Matched",
          "rules": [
            {
              "type": "string",
              "operator": "equal",
              "path": "$output.intent",
              "value": "Evening Star"
            }
          ],
          "nextTask": "69b365df-2ca7-4ed1-a2e5-1a6de4c757bf"
        },
        {
          "_id": "2260bd4a-2b9d-449e-b512-243f6bd9ee54-500ac59e-20dd-40ca-8196-2630bd09207f",
          "name": "If Self Loop",
          "rules": [
            {
              "type": "string",
              "operator": "equal",
              "path": "$agent.selfLoopMiniAgent",
              "value": "true"
            },
            {
              "type": "string",
              "operator": "equal",
              "path": "$output.state",
              "value": "end"
            }
          ],
          "nextTask": "500ac59e-20dd-40ca-8196-2630bd09207f"
        }
      ]
    },
    {
      "_id": "69b365df-2ca7-4ed1-a2e5-1a6de4c757bf",
      "type": "Workflow",
      "config": {
        "name": "Intent - Evening Star",
        "description": "Workflow for intent - Evening Star",
        "workflowId": "72f1a3e2-187b-401d-bdcc-756a4914dfc8"
      },
      "transitions": [
        {
          "_id": "69b365df-2ca7-4ed1-a2e5-1a6de4c757bf-2260bd4a-2b9d-449e-b512-243f6bd9ee54",
          "name": "Mini agent execution completed",
          "nextTask": "2260bd4a-2b9d-449e-b512-243f6bd9ee54"
        }
      ]
    },
    {
      "_id": "27b3c774-ed4b-4bea-b237-305b3da729c6",
      "transitions": [
        {
          "_id": "27b3c774-ed4b-4bea-b237-305b3da729c6-500ac59e-20dd-40ca-8196-2630bd09207f",
          "name": "If Self Loop",
          "rules": [
            {
              "type": "string",
              "operator": "equal",
              "path": "$agent.selfLoopMiniAgent",
              "value": "true"
            }
          ],
          "nextTask": "500ac59e-20dd-40ca-8196-2630bd09207f"
        }
      ],
      "type": "Output",
      "config": {
        "name": "Output",
        "description": "Output the response to the user",
        "type": "external",
        "text": "Unable to complete task $agent.query"
      }
    },
    {
      "_id": "7e7e4cd0-9565-47f5-b632-daac762b7e16",
      "transitions": [
        {
          "_id": "7e7e4cd0-9565-47f5-b632-daac762b7e16-500ac59e-20dd-40ca-8196-2630bd09207f",
          "name": "If Self Loop",
          "rules": [
            {
              "type": "string",
              "operator": "equal",
              "path": "$agent.selfLoopMiniAgent",
              "value": "true"
            }
          ],
          "nextTask": "500ac59e-20dd-40ca-8196-2630bd09207f"
        }
      ],
      "type": "Display",
      "config": {
        "name": "Display",
        "description": "Display the response to the user",
        "type": "text",
        "text": "$input.content"
      }
    }
  ],
  "type": "Conversational",
  "version": "latest"
}