{
  "_id": "54d03b03-9eab-4fa3-baa2-4d0c6b975b45",
  "aiPersonaId": "d7b6f510-5042-4d6e-a81a-cb2291e507f4",
  "integrationId": "ma-hanging-man-3266-primary-workflow-for-hanging-man",
  "isMiniAgentPrimaryWorkflow": true,
  "name": "Primary Workflow for Hanging Man",
  "publisherAccountId": "81ed5e23-4e30-45ce-9c27-63b08616b46a",
  "startTaskId": "1407b761-1f51-4291-9fa0-eea79ebf7daa",
  "status": "Active",
  "tasks": [
    {
      "_id": "1407b761-1f51-4291-9fa0-eea79ebf7daa",
      "type": "PassThrough",
      "config": {
        "name": "Pass Through",
        "description": "Pass through the input to the output"
      },
      "transitions": [
        {
          "_id": "bfe9456b-fa9d-4ed9-a850-6f4645a8208a-1407b761-1f51-4291-9fa0-eea79ebf7daa",
          "nextTask": "bfe9456b-fa9d-4ed9-a850-6f4645a8208a",
          "name": "If query doesnt exists",
          "rules": [
            {
              "type": "any",
              "operator": "notExists",
              "path": "$output.query"
            }
          ]
        },
        {
          "_id": "51f68272-96de-40e9-b58e-c6fb75aa456f-1407b761-1f51-4291-9fa0-eea79ebf7daa",
          "nextTask": "51f68272-96de-40e9-b58e-c6fb75aa456f",
          "name": "If intents are already classified",
          "rules": [
            {
              "type": "any",
              "operator": "exists",
              "path": "$output.intents"
            },
            {
              "type": "any",
              "operator": "exists",
              "path": "$output.query"
            }
          ]
        },
        {
          "_id": "1407b761-1f51-4291-9fa0-eea79ebf7daa-fc0accc3-c96f-4dc9-956c-fa8cb0958c92",
          "name": "If query exists",
          "nextTask": "fc0accc3-c96f-4dc9-956c-fa8cb0958c92",
          "rules": [
            {
              "type": "any",
              "operator": "exists",
              "path": "$output.query"
            },
            {
              "type": "any",
              "operator": "notExists",
              "path": "$output.intents"
            }
          ]
        }
      ],
      "globalVariables": [
        {
          "name": "query",
          "referencePath": "$input.query"
        },
        {
          "name": "rawQuery",
          "referencePath": "$input.rawQuery"
        },
        {
          "name": "conversationId",
          "referencePath": "$input.conversationId"
        }
      ]
    },
    {
      "_id": "bfe9456b-fa9d-4ed9-a850-6f4645a8208a",
      "type": "Input",
      "config": {
        "name": "User Input",
        "description": "Get user input",
        "type": "string"
      },
      "transitions": [
        {
          "_id": "bfe9456b-fa9d-4ed9-a850-6f4645a8208a-fc0accc3-c96f-4dc9-956c-fa8cb0958c92",
          "name": "Default",
          "nextTask": "fc0accc3-c96f-4dc9-956c-fa8cb0958c92"
        }
      ],
      "globalVariables": [
        {
          "name": "query",
          "referencePath": "$output.userInput"
        },
        {
          "name": "rawQuery",
          "referencePath": "$output.userInput"
        },
        {
          "name": "selfLoopMiniAgent",
          "referencePath": "true"
        }
      ]
    },
    {
      "_id": "fc0accc3-c96f-4dc9-956c-fa8cb0958c92",
      "type": "Loader",
      "config": {
        "name": "Loader",
        "description": "Display loader message",
        "type": "loader",
        "text": "Just a moment... identifying the best approach to assist you."
      },
      "transitions": [
        {
          "_id": "fc0accc3-c96f-4dc9-956c-fa8cb0958c92-fab89b6a-322f-45f3-90de-8858f8785be3",
          "name": "Default",
          "nextTask": "fab89b6a-322f-45f3-90de-8858f8785be3"
        }
      ]
    },
    {
      "_id": "fab89b6a-322f-45f3-90de-8858f8785be3",
      "type": "IntentClassification",
      "config": {
        "name": "Intent Classification",
        "description": "Classify the intent of the user message",
        "modelId": "4cf651d9-edf3-455f-a22e-53cc67fcc07b",
        "intents": [
          {
            "name": "Hanging Man",
            "description": "Handles execution of stock market trades such as buy, sell, short sell, hold based on large language model prompts.",
            "examples": [
              ""
            ]
          }
        ],
        "query": "$agent.query"
      },
      "transitions": [
        {
          "_id": "fab89b6a-322f-45f3-90de-8858f8785be3-51f68272-96de-40e9-b58e-c6fb75aa456f",
          "name": "If Intent is Matched",
          "rules": [
            {
              "type": "string",
              "operator": "equal",
              "path": "$output.intentMatched",
              "value": "true"
            }
          ],
          "nextTask": "51f68272-96de-40e9-b58e-c6fb75aa456f"
        },
        {
          "_id": "fab89b6a-322f-45f3-90de-8858f8785be3-dcedf1ee-a68a-4af7-8e68-0054ba9a5dc2",
          "name": "If No Intent is Matched",
          "rules": [
            {
              "type": "string",
              "operator": "equal",
              "path": "$output.intentMatched",
              "value": "false"
            }
          ],
          "nextTask": "dcedf1ee-a68a-4af7-8e68-0054ba9a5dc2"
        }
      ]
    },
    {
      "_id": "51f68272-96de-40e9-b58e-c6fb75aa456f",
      "type": "JSFunction",
      "config": {
        "name": "JS Function",
        "description": "Execute JS function",
        "code": "\nconst main = () => {\n    const currentExecutionId = _id;\n    const intents = agent?.icIntents?.[currentExecutionId] || input.intents;\n    const currentIndex = agent?.icLoopIndexes?.[currentExecutionId] || 0;\n    const currentIntent = intents[currentIndex] || {};\n    const { intent, task } = currentIntent;\n    const state = currentIndex === intents.length ? 'end' : 'continue'\n    const icLoopIndexes = { ...(agent?.icLoopIndexes || {}), [_id]: state === 'end' ? undefined : currentIndex + 1 };\n    const icIntents = { ...(agent?.icIntents || {}), [_id]: state === 'end' ? undefined : intents };\n    return { ...input, intent, state: currentIndex === intents.length ? 'end' : 'continue', icLoopIndexes, icIntents, query: task };\n};\n\nmain()\n"
      },
      "globalVariables": [
        {
          "referencePath": "$output.icLoopIndexes",
          "name": "icLoopIndexes"
        },
        {
          "referencePath": "$output.icIntents",
          "name": "icIntents"
        }
      ],
      "transitions": [
        {
          "_id": "51f68272-96de-40e9-b58e-c6fb75aa456f-fa483dc4-f68f-4532-8a81-048985b30a88",
          "name": "If Intent is Matched",
          "rules": [
            {
              "type": "string",
              "operator": "equal",
              "path": "$output.intent",
              "value": "Hanging Man"
            }
          ],
          "nextTask": "fa483dc4-f68f-4532-8a81-048985b30a88"
        },
        {
          "_id": "51f68272-96de-40e9-b58e-c6fb75aa456f-bfe9456b-fa9d-4ed9-a850-6f4645a8208a",
          "name": "If Self Loop",
          "rules": [
            {
              "type": "string",
              "operator": "equal",
              "path": "$agent.selfLoopMiniAgent",
              "value": "true"
            },
            {
              "type": "string",
              "operator": "equal",
              "path": "$output.state",
              "value": "end"
            }
          ],
          "nextTask": "bfe9456b-fa9d-4ed9-a850-6f4645a8208a"
        }
      ]
    },
    {
      "_id": "fa483dc4-f68f-4532-8a81-048985b30a88",
      "type": "Workflow",
      "config": {
        "name": "Intent - Hanging Man",
        "description": "Workflow for intent - Hanging Man",
        "workflowId": "f7717446-79ab-455f-91c6-efb904f2cdd1"
      },
      "transitions": [
        {
          "_id": "fa483dc4-f68f-4532-8a81-048985b30a88-51f68272-96de-40e9-b58e-c6fb75aa456f",
          "name": "Mini agent execution completed",
          "nextTask": "51f68272-96de-40e9-b58e-c6fb75aa456f"
        }
      ]
    },
    {
      "_id": "dcedf1ee-a68a-4af7-8e68-0054ba9a5dc2",
      "transitions": [
        {
          "_id": "dcedf1ee-a68a-4af7-8e68-0054ba9a5dc2-bfe9456b-fa9d-4ed9-a850-6f4645a8208a",
          "name": "If Self Loop",
          "rules": [
            {
              "type": "string",
              "operator": "equal",
              "path": "$agent.selfLoopMiniAgent",
              "value": "true"
            }
          ],
          "nextTask": "bfe9456b-fa9d-4ed9-a850-6f4645a8208a"
        }
      ],
      "type": "Output",
      "config": {
        "name": "Output",
        "description": "Output the response to the user",
        "type": "external",
        "text": "Unable to complete task $agent.query"
      }
    },
    {
      "_id": "4ec282cb-e806-4b66-bf71-bd5f3920e971",
      "transitions": [
        {
          "_id": "4ec282cb-e806-4b66-bf71-bd5f3920e971-bfe9456b-fa9d-4ed9-a850-6f4645a8208a",
          "name": "If Self Loop",
          "rules": [
            {
              "type": "string",
              "operator": "equal",
              "path": "$agent.selfLoopMiniAgent",
              "value": "true"
            }
          ],
          "nextTask": "bfe9456b-fa9d-4ed9-a850-6f4645a8208a"
        }
      ],
      "type": "Display",
      "config": {
        "name": "Display",
        "description": "Display the response to the user",
        "type": "text",
        "text": "$input.content"
      }
    }
  ],
  "type": "Conversational",
  "version": "latest"
}