{
  "_id": "a0b0213a-d484-41b0-999f-a5b032504bb8",
  "aiPersonaId": "d7b6f510-5042-4d6e-a81a-cb2291e507f4",
  "integrationId": "ma-hammer-6190-primary-workflow-for-hammer",
  "isMiniAgentPrimaryWorkflow": true,
  "name": "Primary Workflow for Hammer",
  "publisherAccountId": "81ed5e23-4e30-45ce-9c27-63b08616b46a",
  "startTaskId": "06389673-92a1-4cf3-83d4-9eac8c90e859",
  "status": "Active",
  "tasks": [
    {
      "_id": "06389673-92a1-4cf3-83d4-9eac8c90e859",
      "type": "PassThrough",
      "config": {
        "name": "Pass Through",
        "description": "Pass through the input to the output"
      },
      "transitions": [
        {
          "_id": "f9afcb0c-070a-416d-b722-6565801d65aa-06389673-92a1-4cf3-83d4-9eac8c90e859",
          "nextTask": "f9afcb0c-070a-416d-b722-6565801d65aa",
          "name": "If query doesnt exists",
          "rules": [
            {
              "type": "any",
              "operator": "notExists",
              "path": "$output.query"
            }
          ]
        },
        {
          "_id": "8a07d7cb-9eef-443c-9b90-39a06abb4189-06389673-92a1-4cf3-83d4-9eac8c90e859",
          "nextTask": "8a07d7cb-9eef-443c-9b90-39a06abb4189",
          "name": "If intents are already classified",
          "rules": [
            {
              "type": "any",
              "operator": "exists",
              "path": "$output.intents"
            },
            {
              "type": "any",
              "operator": "exists",
              "path": "$output.query"
            }
          ]
        },
        {
          "_id": "06389673-92a1-4cf3-83d4-9eac8c90e859-ba7b8e39-fb25-400d-9bea-0cece0c9884c",
          "name": "If query exists",
          "nextTask": "ba7b8e39-fb25-400d-9bea-0cece0c9884c",
          "rules": [
            {
              "type": "any",
              "operator": "exists",
              "path": "$output.query"
            },
            {
              "type": "any",
              "operator": "notExists",
              "path": "$output.intents"
            }
          ]
        }
      ],
      "globalVariables": [
        {
          "name": "query",
          "referencePath": "$input.query"
        },
        {
          "name": "rawQuery",
          "referencePath": "$input.rawQuery"
        },
        {
          "name": "conversationId",
          "referencePath": "$input.conversationId"
        }
      ]
    },
    {
      "_id": "f9afcb0c-070a-416d-b722-6565801d65aa",
      "type": "Input",
      "config": {
        "name": "User Input",
        "description": "Get user input",
        "type": "string"
      },
      "transitions": [
        {
          "_id": "f9afcb0c-070a-416d-b722-6565801d65aa-ba7b8e39-fb25-400d-9bea-0cece0c9884c",
          "name": "Default",
          "nextTask": "ba7b8e39-fb25-400d-9bea-0cece0c9884c"
        }
      ],
      "globalVariables": [
        {
          "name": "query",
          "referencePath": "$output.userInput"
        },
        {
          "name": "rawQuery",
          "referencePath": "$output.userInput"
        },
        {
          "name": "selfLoopMiniAgent",
          "referencePath": "true"
        }
      ]
    },
    {
      "_id": "ba7b8e39-fb25-400d-9bea-0cece0c9884c",
      "type": "Loader",
      "config": {
        "name": "Loader",
        "description": "Display loader message",
        "type": "loader",
        "text": "Just a moment... identifying the best approach to assist you."
      },
      "transitions": [
        {
          "_id": "ba7b8e39-fb25-400d-9bea-0cece0c9884c-ed00b0f4-2405-4ff1-a065-b26bfea02689",
          "name": "Default",
          "nextTask": "ed00b0f4-2405-4ff1-a065-b26bfea02689"
        }
      ]
    },
    {
      "_id": "ed00b0f4-2405-4ff1-a065-b26bfea02689",
      "type": "IntentClassification",
      "config": {
        "name": "Intent Classification",
        "description": "Classify the intent of the user message",
        "modelId": "4cf651d9-edf3-455f-a22e-53cc67fcc07b",
        "intents": [
          {
            "name": "Hammer",
            "description": "Handles execution of stock market trades such as buy, sell, short sell, hold based on large language model prompts.",
            "examples": [
              ""
            ]
          }
        ],
        "query": "$agent.query"
      },
      "transitions": [
        {
          "_id": "ed00b0f4-2405-4ff1-a065-b26bfea02689-8a07d7cb-9eef-443c-9b90-39a06abb4189",
          "name": "If Intent is Matched",
          "rules": [
            {
              "type": "string",
              "operator": "equal",
              "path": "$output.intentMatched",
              "value": "true"
            }
          ],
          "nextTask": "8a07d7cb-9eef-443c-9b90-39a06abb4189"
        },
        {
          "_id": "ed00b0f4-2405-4ff1-a065-b26bfea02689-4edf7940-ac80-43fc-8340-f5cbcb96c249",
          "name": "If No Intent is Matched",
          "rules": [
            {
              "type": "string",
              "operator": "equal",
              "path": "$output.intentMatched",
              "value": "false"
            }
          ],
          "nextTask": "4edf7940-ac80-43fc-8340-f5cbcb96c249"
        }
      ]
    },
    {
      "_id": "8a07d7cb-9eef-443c-9b90-39a06abb4189",
      "type": "JSFunction",
      "config": {
        "name": "JS Function",
        "description": "Execute JS function",
        "code": "\nconst main = () => {\n    const currentExecutionId = _id;\n    const intents = agent?.icIntents?.[currentExecutionId] || input.intents;\n    const currentIndex = agent?.icLoopIndexes?.[currentExecutionId] || 0;\n    const currentIntent = intents[currentIndex] || {};\n    const { intent, task } = currentIntent;\n    const state = currentIndex === intents.length ? 'end' : 'continue'\n    const icLoopIndexes = { ...(agent?.icLoopIndexes || {}), [_id]: state === 'end' ? undefined : currentIndex + 1 };\n    const icIntents = { ...(agent?.icIntents || {}), [_id]: state === 'end' ? undefined : intents };\n    return { ...input, intent, state: currentIndex === intents.length ? 'end' : 'continue', icLoopIndexes, icIntents, query: task };\n};\n\nmain()\n"
      },
      "globalVariables": [
        {
          "referencePath": "$output.icLoopIndexes",
          "name": "icLoopIndexes"
        },
        {
          "referencePath": "$output.icIntents",
          "name": "icIntents"
        }
      ],
      "transitions": [
        {
          "_id": "8a07d7cb-9eef-443c-9b90-39a06abb4189-6998946f-0762-4883-92a8-13aef3ef83c4",
          "name": "If Intent is Matched",
          "rules": [
            {
              "type": "string",
              "operator": "equal",
              "path": "$output.intent",
              "value": "Hammer"
            }
          ],
          "nextTask": "6998946f-0762-4883-92a8-13aef3ef83c4"
        },
        {
          "_id": "8a07d7cb-9eef-443c-9b90-39a06abb4189-f9afcb0c-070a-416d-b722-6565801d65aa",
          "name": "If Self Loop",
          "rules": [
            {
              "type": "string",
              "operator": "equal",
              "path": "$agent.selfLoopMiniAgent",
              "value": "true"
            },
            {
              "type": "string",
              "operator": "equal",
              "path": "$output.state",
              "value": "end"
            }
          ],
          "nextTask": "f9afcb0c-070a-416d-b722-6565801d65aa"
        }
      ]
    },
    {
      "_id": "6998946f-0762-4883-92a8-13aef3ef83c4",
      "type": "Workflow",
      "config": {
        "name": "Intent - Hammer",
        "description": "Workflow for intent - Hammer",
        "workflowId": "2e36614a-2ca7-4eed-ace7-b91e0f8ed76b"
      },
      "transitions": [
        {
          "_id": "6998946f-0762-4883-92a8-13aef3ef83c4-8a07d7cb-9eef-443c-9b90-39a06abb4189",
          "name": "Mini agent execution completed",
          "nextTask": "8a07d7cb-9eef-443c-9b90-39a06abb4189"
        }
      ]
    },
    {
      "_id": "4edf7940-ac80-43fc-8340-f5cbcb96c249",
      "transitions": [
        {
          "_id": "4edf7940-ac80-43fc-8340-f5cbcb96c249-f9afcb0c-070a-416d-b722-6565801d65aa",
          "name": "If Self Loop",
          "rules": [
            {
              "type": "string",
              "operator": "equal",
              "path": "$agent.selfLoopMiniAgent",
              "value": "true"
            }
          ],
          "nextTask": "f9afcb0c-070a-416d-b722-6565801d65aa"
        }
      ],
      "type": "Output",
      "config": {
        "name": "Output",
        "description": "Output the response to the user",
        "type": "external",
        "text": "Unable to complete task $agent.query"
      }
    },
    {
      "_id": "af1f736e-2cd3-4afc-8324-a1f1606c09f4",
      "transitions": [
        {
          "_id": "af1f736e-2cd3-4afc-8324-a1f1606c09f4-f9afcb0c-070a-416d-b722-6565801d65aa",
          "name": "If Self Loop",
          "rules": [
            {
              "type": "string",
              "operator": "equal",
              "path": "$agent.selfLoopMiniAgent",
              "value": "true"
            }
          ],
          "nextTask": "f9afcb0c-070a-416d-b722-6565801d65aa"
        }
      ],
      "type": "Display",
      "config": {
        "name": "Display",
        "description": "Display the response to the user",
        "type": "text",
        "text": "$input.content"
      }
    }
  ],
  "type": "Conversational",
  "version": "latest"
}