{
  "_id": "a27c4a93-27fa-4da9-960c-f735508e1231",
  "aiPersonaId": "d7b6f510-5042-4d6e-a81a-cb2291e507f4",
  "integrationId": "ma-morning-star-7028-primary-workflow-for-morning-star",
  "isMiniAgentPrimaryWorkflow": true,
  "name": "Primary Workflow for Morning Star",
  "publisherAccountId": "81ed5e23-4e30-45ce-9c27-63b08616b46a",
  "startTaskId": "e42a6221-969d-488e-a49b-f9659615ef04",
  "status": "Active",
  "tasks": [
    {
      "_id": "e42a6221-969d-488e-a49b-f9659615ef04",
      "type": "PassThrough",
      "config": {
        "name": "Pass Through",
        "description": "Pass through the input to the output"
      },
      "transitions": [
        {
          "_id": "47297234-ecb6-4680-a62f-f30ce60eec24-e42a6221-969d-488e-a49b-f9659615ef04",
          "nextTask": "47297234-ecb6-4680-a62f-f30ce60eec24",
          "name": "If query doesnt exists",
          "rules": [
            {
              "type": "any",
              "operator": "notExists",
              "path": "$output.query"
            }
          ]
        },
        {
          "_id": "50a1fe69-9032-4445-aaf2-4a4161455776-e42a6221-969d-488e-a49b-f9659615ef04",
          "nextTask": "50a1fe69-9032-4445-aaf2-4a4161455776",
          "name": "If intents are already classified",
          "rules": [
            {
              "type": "any",
              "operator": "exists",
              "path": "$output.intents"
            },
            {
              "type": "any",
              "operator": "exists",
              "path": "$output.query"
            }
          ]
        },
        {
          "_id": "e42a6221-969d-488e-a49b-f9659615ef04-61b6fd45-0f9a-4b32-a907-40305baf87dc",
          "name": "If query exists",
          "nextTask": "61b6fd45-0f9a-4b32-a907-40305baf87dc",
          "rules": [
            {
              "type": "any",
              "operator": "exists",
              "path": "$output.query"
            },
            {
              "type": "any",
              "operator": "notExists",
              "path": "$output.intents"
            }
          ]
        }
      ],
      "globalVariables": [
        {
          "name": "query",
          "referencePath": "$input.query"
        },
        {
          "name": "rawQuery",
          "referencePath": "$input.rawQuery"
        },
        {
          "name": "conversationId",
          "referencePath": "$input.conversationId"
        }
      ]
    },
    {
      "_id": "47297234-ecb6-4680-a62f-f30ce60eec24",
      "type": "Input",
      "config": {
        "name": "User Input",
        "description": "Get user input",
        "type": "string"
      },
      "transitions": [
        {
          "_id": "47297234-ecb6-4680-a62f-f30ce60eec24-61b6fd45-0f9a-4b32-a907-40305baf87dc",
          "name": "Default",
          "nextTask": "61b6fd45-0f9a-4b32-a907-40305baf87dc"
        }
      ],
      "globalVariables": [
        {
          "name": "query",
          "referencePath": "$output.userInput"
        },
        {
          "name": "rawQuery",
          "referencePath": "$output.userInput"
        },
        {
          "name": "selfLoopMiniAgent",
          "referencePath": "true"
        }
      ]
    },
    {
      "_id": "61b6fd45-0f9a-4b32-a907-40305baf87dc",
      "type": "Loader",
      "config": {
        "name": "Loader",
        "description": "Display loader message",
        "type": "loader",
        "text": "Just a moment... identifying the best approach to assist you."
      },
      "transitions": [
        {
          "_id": "61b6fd45-0f9a-4b32-a907-40305baf87dc-eead4a41-167f-4cd2-a389-18461fcb41d8",
          "name": "Default",
          "nextTask": "eead4a41-167f-4cd2-a389-18461fcb41d8"
        }
      ]
    },
    {
      "_id": "eead4a41-167f-4cd2-a389-18461fcb41d8",
      "type": "IntentClassification",
      "config": {
        "name": "Intent Classification",
        "description": "Classify the intent of the user message",
        "modelId": "4cf651d9-edf3-455f-a22e-53cc67fcc07b",
        "intents": [
          {
            "name": "Morning Star",
            "description": "Handles execution of stock market trades such as buy, sell, short sell, hold based on large language model prompts.",
            "examples": [
              ""
            ]
          }
        ],
        "query": "$agent.query"
      },
      "transitions": [
        {
          "_id": "eead4a41-167f-4cd2-a389-18461fcb41d8-50a1fe69-9032-4445-aaf2-4a4161455776",
          "name": "If Intent is Matched",
          "rules": [
            {
              "type": "string",
              "operator": "equal",
              "path": "$output.intentMatched",
              "value": "true"
            }
          ],
          "nextTask": "50a1fe69-9032-4445-aaf2-4a4161455776"
        },
        {
          "_id": "eead4a41-167f-4cd2-a389-18461fcb41d8-22fc159c-e71e-4754-9077-5e58f6301b44",
          "name": "If No Intent is Matched",
          "rules": [
            {
              "type": "string",
              "operator": "equal",
              "path": "$output.intentMatched",
              "value": "false"
            }
          ],
          "nextTask": "22fc159c-e71e-4754-9077-5e58f6301b44"
        }
      ]
    },
    {
      "_id": "50a1fe69-9032-4445-aaf2-4a4161455776",
      "type": "JSFunction",
      "config": {
        "name": "JS Function",
        "description": "Execute JS function",
        "code": "\nconst main = () => {\n    const currentExecutionId = _id;\n    const intents = agent?.icIntents?.[currentExecutionId] || input.intents;\n    const currentIndex = agent?.icLoopIndexes?.[currentExecutionId] || 0;\n    const currentIntent = intents[currentIndex] || {};\n    const { intent, task } = currentIntent;\n    const state = currentIndex === intents.length ? 'end' : 'continue'\n    const icLoopIndexes = { ...(agent?.icLoopIndexes || {}), [_id]: state === 'end' ? undefined : currentIndex + 1 };\n    const icIntents = { ...(agent?.icIntents || {}), [_id]: state === 'end' ? undefined : intents };\n    return { ...input, intent, state: currentIndex === intents.length ? 'end' : 'continue', icLoopIndexes, icIntents, query: task };\n};\n\nmain()\n"
      },
      "globalVariables": [
        {
          "referencePath": "$output.icLoopIndexes",
          "name": "icLoopIndexes"
        },
        {
          "referencePath": "$output.icIntents",
          "name": "icIntents"
        }
      ],
      "transitions": [
        {
          "_id": "50a1fe69-9032-4445-aaf2-4a4161455776-a43b2b25-e86b-4bb9-a73d-9a9925e99f21",
          "name": "If Intent is Matched",
          "rules": [
            {
              "type": "string",
              "operator": "equal",
              "path": "$output.intent",
              "value": "Morning Star"
            }
          ],
          "nextTask": "a43b2b25-e86b-4bb9-a73d-9a9925e99f21"
        },
        {
          "_id": "50a1fe69-9032-4445-aaf2-4a4161455776-47297234-ecb6-4680-a62f-f30ce60eec24",
          "name": "If Self Loop",
          "rules": [
            {
              "type": "string",
              "operator": "equal",
              "path": "$agent.selfLoopMiniAgent",
              "value": "true"
            },
            {
              "type": "string",
              "operator": "equal",
              "path": "$output.state",
              "value": "end"
            }
          ],
          "nextTask": "47297234-ecb6-4680-a62f-f30ce60eec24"
        }
      ]
    },
    {
      "_id": "a43b2b25-e86b-4bb9-a73d-9a9925e99f21",
      "type": "Workflow",
      "config": {
        "name": "Intent - Morning Star",
        "description": "Workflow for intent - Morning Star",
        "workflowId": "df0541e9-1e55-4ebb-934f-a078afaa9e4f"
      },
      "transitions": [
        {
          "_id": "a43b2b25-e86b-4bb9-a73d-9a9925e99f21-50a1fe69-9032-4445-aaf2-4a4161455776",
          "name": "Mini agent execution completed",
          "nextTask": "50a1fe69-9032-4445-aaf2-4a4161455776"
        }
      ]
    },
    {
      "_id": "22fc159c-e71e-4754-9077-5e58f6301b44",
      "transitions": [
        {
          "_id": "22fc159c-e71e-4754-9077-5e58f6301b44-47297234-ecb6-4680-a62f-f30ce60eec24",
          "name": "If Self Loop",
          "rules": [
            {
              "type": "string",
              "operator": "equal",
              "path": "$agent.selfLoopMiniAgent",
              "value": "true"
            }
          ],
          "nextTask": "47297234-ecb6-4680-a62f-f30ce60eec24"
        }
      ],
      "type": "Output",
      "config": {
        "name": "Output",
        "description": "Output the response to the user",
        "type": "external",
        "text": "Unable to complete task $agent.query"
      }
    },
    {
      "_id": "f41d51ec-58cf-4fc3-9d1c-b6088fd8bb0e",
      "transitions": [
        {
          "_id": "f41d51ec-58cf-4fc3-9d1c-b6088fd8bb0e-47297234-ecb6-4680-a62f-f30ce60eec24",
          "name": "If Self Loop",
          "rules": [
            {
              "type": "string",
              "operator": "equal",
              "path": "$agent.selfLoopMiniAgent",
              "value": "true"
            }
          ],
          "nextTask": "47297234-ecb6-4680-a62f-f30ce60eec24"
        }
      ],
      "type": "Display",
      "config": {
        "name": "Display",
        "description": "Display the response to the user",
        "type": "text",
        "text": "$input.content"
      }
    }
  ],
  "type": "Conversational",
  "version": "latest"
}