{
  "_id": "2f8ad730-c37a-4316-980e-a7fa4d655599",
  "aiPersonaId": "d7b6f510-5042-4d6e-a81a-cb2291e507f4",
  "integrationId": "ma-shooting-star-5370-primary-workflow-for-shooting-star",
  "isMiniAgentPrimaryWorkflow": true,
  "name": "Primary Workflow for Shooting star",
  "publisherAccountId": "81ed5e23-4e30-45ce-9c27-63b08616b46a",
  "startTaskId": "7c60bfb0-c5aa-411c-8cbb-3fbd7c117137",
  "status": "Active",
  "tasks": [
    {
      "_id": "7c60bfb0-c5aa-411c-8cbb-3fbd7c117137",
      "type": "PassThrough",
      "config": {
        "name": "Pass Through",
        "description": "Pass through the input to the output"
      },
      "transitions": [
        {
          "_id": "f9846b81-8e14-44c1-96d5-49692bea484e-7c60bfb0-c5aa-411c-8cbb-3fbd7c117137",
          "nextTask": "f9846b81-8e14-44c1-96d5-49692bea484e",
          "name": "If query doesnt exists",
          "rules": [
            {
              "type": "any",
              "operator": "notExists",
              "path": "$output.query"
            }
          ]
        },
        {
          "_id": "06b3ef44-e981-47b7-931b-cb77491e707a-7c60bfb0-c5aa-411c-8cbb-3fbd7c117137",
          "nextTask": "06b3ef44-e981-47b7-931b-cb77491e707a",
          "name": "If intents are already classified",
          "rules": [
            {
              "type": "any",
              "operator": "exists",
              "path": "$output.intents"
            },
            {
              "type": "any",
              "operator": "exists",
              "path": "$output.query"
            }
          ]
        },
        {
          "_id": "7c60bfb0-c5aa-411c-8cbb-3fbd7c117137-e4ef9266-cf94-4bbc-b219-1f5b0dede61c",
          "name": "If query exists",
          "nextTask": "e4ef9266-cf94-4bbc-b219-1f5b0dede61c",
          "rules": [
            {
              "type": "any",
              "operator": "exists",
              "path": "$output.query"
            },
            {
              "type": "any",
              "operator": "notExists",
              "path": "$output.intents"
            }
          ]
        }
      ],
      "globalVariables": [
        {
          "name": "query",
          "referencePath": "$input.query"
        },
        {
          "name": "rawQuery",
          "referencePath": "$input.rawQuery"
        },
        {
          "name": "conversationId",
          "referencePath": "$input.conversationId"
        }
      ]
    },
    {
      "_id": "f9846b81-8e14-44c1-96d5-49692bea484e",
      "type": "Input",
      "config": {
        "name": "User Input",
        "description": "Get user input",
        "type": "string"
      },
      "transitions": [
        {
          "_id": "f9846b81-8e14-44c1-96d5-49692bea484e-e4ef9266-cf94-4bbc-b219-1f5b0dede61c",
          "name": "Default",
          "nextTask": "e4ef9266-cf94-4bbc-b219-1f5b0dede61c"
        }
      ],
      "globalVariables": [
        {
          "name": "query",
          "referencePath": "$output.userInput"
        },
        {
          "name": "rawQuery",
          "referencePath": "$output.userInput"
        },
        {
          "name": "selfLoopMiniAgent",
          "referencePath": "true"
        }
      ]
    },
    {
      "_id": "e4ef9266-cf94-4bbc-b219-1f5b0dede61c",
      "type": "Loader",
      "config": {
        "name": "Loader",
        "description": "Display loader message",
        "type": "loader",
        "text": "Just a moment... identifying the best approach to assist you."
      },
      "transitions": [
        {
          "_id": "e4ef9266-cf94-4bbc-b219-1f5b0dede61c-81cf0719-6d7d-4270-84ef-20c3303a9c79",
          "name": "Default",
          "nextTask": "81cf0719-6d7d-4270-84ef-20c3303a9c79"
        }
      ]
    },
    {
      "_id": "81cf0719-6d7d-4270-84ef-20c3303a9c79",
      "type": "IntentClassification",
      "config": {
        "name": "Intent Classification",
        "description": "Classify the intent of the user message",
        "modelId": "4cf651d9-edf3-455f-a22e-53cc67fcc07b",
        "intents": [
          {
            "name": "Shooting star",
            "description": "Handles execution of stock market trades such as buy, sell, short sell, hold based on large language model prompts.",
            "examples": [
              "Give me the confidence value for shooting star"
            ]
          }
        ],
        "query": "$agent.query"
      },
      "transitions": [
        {
          "_id": "81cf0719-6d7d-4270-84ef-20c3303a9c79-06b3ef44-e981-47b7-931b-cb77491e707a",
          "name": "If Intent is Matched",
          "rules": [
            {
              "type": "string",
              "operator": "equal",
              "path": "$output.intentMatched",
              "value": "true"
            }
          ],
          "nextTask": "06b3ef44-e981-47b7-931b-cb77491e707a"
        },
        {
          "_id": "81cf0719-6d7d-4270-84ef-20c3303a9c79-07ebaf10-a690-4110-a242-eae78895b84f",
          "name": "If No Intent is Matched",
          "rules": [
            {
              "type": "string",
              "operator": "equal",
              "path": "$output.intentMatched",
              "value": "false"
            }
          ],
          "nextTask": "07ebaf10-a690-4110-a242-eae78895b84f"
        }
      ]
    },
    {
      "_id": "06b3ef44-e981-47b7-931b-cb77491e707a",
      "type": "JSFunction",
      "config": {
        "name": "JS Function",
        "description": "Execute JS function",
        "code": "\nconst main = () => {\n    const currentExecutionId = _id;\n    const intents = agent?.icIntents?.[currentExecutionId] || input.intents;\n    const currentIndex = agent?.icLoopIndexes?.[currentExecutionId] || 0;\n    const currentIntent = intents[currentIndex] || {};\n    const { intent, task } = currentIntent;\n    const state = currentIndex === intents.length ? 'end' : 'continue'\n    const icLoopIndexes = { ...(agent?.icLoopIndexes || {}), [_id]: state === 'end' ? undefined : currentIndex + 1 };\n    const icIntents = { ...(agent?.icIntents || {}), [_id]: state === 'end' ? undefined : intents };\n    return { ...input, intent, state: currentIndex === intents.length ? 'end' : 'continue', icLoopIndexes, icIntents, query: task };\n};\n\nmain()\n"
      },
      "globalVariables": [
        {
          "referencePath": "$output.icLoopIndexes",
          "name": "icLoopIndexes"
        },
        {
          "referencePath": "$output.icIntents",
          "name": "icIntents"
        }
      ],
      "transitions": [
        {
          "_id": "06b3ef44-e981-47b7-931b-cb77491e707a-e3fedf3d-e263-4ce7-bef6-00bbb6a60928",
          "name": "If Intent is Matched",
          "rules": [
            {
              "type": "string",
              "operator": "equal",
              "path": "$output.intent",
              "value": "Shooting star"
            }
          ],
          "nextTask": "e3fedf3d-e263-4ce7-bef6-00bbb6a60928"
        },
        {
          "_id": "06b3ef44-e981-47b7-931b-cb77491e707a-f9846b81-8e14-44c1-96d5-49692bea484e",
          "name": "If Self Loop",
          "rules": [
            {
              "type": "string",
              "operator": "equal",
              "path": "$agent.selfLoopMiniAgent",
              "value": "true"
            },
            {
              "type": "string",
              "operator": "equal",
              "path": "$output.state",
              "value": "end"
            }
          ],
          "nextTask": "f9846b81-8e14-44c1-96d5-49692bea484e"
        }
      ]
    },
    {
      "_id": "e3fedf3d-e263-4ce7-bef6-00bbb6a60928",
      "type": "Workflow",
      "config": {
        "name": "Intent - Shooting star",
        "description": "Workflow for intent - Shooting star",
        "workflowId": "d2671610-c032-4905-abc1-2d66dc83b827"
      },
      "transitions": [
        {
          "_id": "e3fedf3d-e263-4ce7-bef6-00bbb6a60928-06b3ef44-e981-47b7-931b-cb77491e707a",
          "name": "Mini agent execution completed",
          "nextTask": "06b3ef44-e981-47b7-931b-cb77491e707a"
        }
      ]
    },
    {
      "_id": "07ebaf10-a690-4110-a242-eae78895b84f",
      "transitions": [
        {
          "_id": "07ebaf10-a690-4110-a242-eae78895b84f-f9846b81-8e14-44c1-96d5-49692bea484e",
          "name": "If Self Loop",
          "rules": [
            {
              "type": "string",
              "operator": "equal",
              "path": "$agent.selfLoopMiniAgent",
              "value": "true"
            }
          ],
          "nextTask": "f9846b81-8e14-44c1-96d5-49692bea484e"
        }
      ],
      "type": "Output",
      "config": {
        "name": "Output",
        "description": "Output the response to the user",
        "type": "external",
        "text": "Unable to complete task $agent.query"
      }
    },
    {
      "_id": "e02b9ea0-0b69-4035-a100-63e4e0b479b0",
      "transitions": [
        {
          "_id": "e02b9ea0-0b69-4035-a100-63e4e0b479b0-f9846b81-8e14-44c1-96d5-49692bea484e",
          "name": "If Self Loop",
          "rules": [
            {
              "type": "string",
              "operator": "equal",
              "path": "$agent.selfLoopMiniAgent",
              "value": "true"
            }
          ],
          "nextTask": "f9846b81-8e14-44c1-96d5-49692bea484e"
        }
      ],
      "type": "Display",
      "config": {
        "name": "Display",
        "description": "Display the response to the user",
        "type": "text",
        "text": "$input.content"
      }
    }
  ],
  "type": "Conversational",
  "version": "latest"
}