{
  "_id": "df0541e9-1e55-4ebb-934f-a078afaa9e4f",
  "aiPersonaId": "d7b6f510-5042-4d6e-a81a-cb2291e507f4",
  "integrationId": "morning-star-8608",
  "name": "Workflow for Morning Star",
  "publisherAccountId": "81ed5e23-4e30-45ce-9c27-63b08616b46a",
  "startTaskId": "1743180528349",
  "status": "Active",
  "tasks": [
    {
      "_id": "6776f69b-b8f4-4eef-9442-397bcbdf61b5",
      "type": "Display",
      "config": {
        "description": "Display the response to the user",
        "name": "Display",
        "type": "text",
        "text": "Hi there! Intent $input.intent has been matched"
      },
      "transitions": []
    },
    {
      "_id": "1743180526094",
      "type": "Prompt",
      "config": {
        "description": "Prompt for LLM",
        "name": "Prompt",
        "modelId": "4cf651d9-edf3-455f-a22e-53cc67fcc07b",
        "systemPrompt": "calculate a resemblance score for a morning star pattern based on the table\nIt calculates three key components:\n\nBearish First Candle: This is 1 if the candle two periods prior is bearish (close < open) and has a body size ≥ 50% of its range, otherwise 0.\n\nGap Down and Small Body: Computed as 1 if the previous candle opens below the first candle’s close (gap down) and its body size (|open - close|) ≤ 10% of its total range, otherwise 0.\n\nBullish Third Candle: Computed as the minimum of 1 and the ratio of the current candle’s body (close - open) to the first candle’s body (open - close).\n\nThese components are combined using a weighted sum (30% bearish first candle, 40% gap down and small body, 30% bullish third candle) to produce a final score, clamped between 0 and 1.\n\nFor each input in the table, provide a small response in the format:\nFinal Value: [score]\n\nExample Response:",
        "base64DocumentData": "",
        "documentIds": "",
        "responseFormat": "text",
        "query": "$input.data",
        "temperature": null
      },
      "transitions": [
        {
          "name": "Default",
          "_id": "1743180526094-6776f69b-b8f4-4eef-9442-397bcbdf61b5",
          "nextTask": "6776f69b-b8f4-4eef-9442-397bcbdf61b5"
        }
      ]
    },
    {
      "_id": "1743180528349",
      "type": "CollectionRead",
      "config": {
        "description": "Read data from table",
        "name": "Table Read",
        "collectionConfigId": "47fd12fb-9421-4fd0-be8f-15318b098371",
        "filters": "",
        "projections": ""
      },
      "transitions": [
        {
          "name": "Default",
          "_id": "1743180528349-1743180526094",
          "nextTask": "1743180526094"
        }
      ],
      "globalVariables": [
        {
          "name": "bearish_out",
          "referencePath": "$output.data"
        }
      ]
    }
  ],
  "type": "Conversational",
  "version": "latest",
  "reactflow": {
    "viewport": {
      "x": -26,
      "y": 28,
      "zoom": 1
    },
    "nodes": [
      {
        "id": "0",
        "type": "Start",
        "position": {
          "x": 360,
          "y": 400
        },
        "data": {},
        "deletable": false,
        "measured": {
          "width": 261,
          "height": 136
        },
        "selected": false
      },
      {
        "position": {
          "x": 840,
          "y": 400
        },
        "type": "Display",
        "id": "6776f69b-b8f4-4eef-9442-397bcbdf61b5",
        "data": {},
        "measured": {
          "width": 298,
          "height": 78
        },
        "selected": false
      },
      {
        "position": {
          "x": 885,
          "y": 165
        },
        "type": "Prompt",
        "id": "1743180526094",
        "data": {},
        "measured": {
          "width": 260,
          "height": 78
        },
        "selected": false,
        "dragging": false
      },
      {
        "position": {
          "x": 483,
          "y": 201
        },
        "type": "CollectionRead",
        "id": "1743180528349",
        "data": {},
        "measured": {
          "width": 260,
          "height": 78
        },
        "selected": false,
        "dragging": false
      }
    ],
    "edges": [
      {
        "id": "xy-edge__00-source-1-17431805283491743180528349-target-3",
        "type": "Start",
        "source": "0",
        "target": "1743180528349",
        "markerEnd": {
          "type": "arrowclosed",
          "width": 22,
          "height": 22
        },
        "sourceHandle": "0-source-1",
        "selected": false,
        "targetHandle": "1743180528349-target-3"
      },
      {
        "type": "Transition",
        "id": "1743180526094-6776f69b-b8f4-4eef-9442-397bcbdf61b5",
        "source": "1743180526094",
        "target": "6776f69b-b8f4-4eef-9442-397bcbdf61b5",
        "markerEnd": {
          "type": "arrowclosed",
          "width": 22,
          "height": 22
        },
        "sourceHandle": "1743180526094-source-3",
        "targetHandle": "6776f69b-b8f4-4eef-9442-397bcbdf61b5-target-2",
        "selected": false
      },
      {
        "type": "Transition",
        "id": "1743180528349-1743180526094",
        "source": "1743180528349",
        "target": "1743180526094",
        "markerEnd": {
          "type": "arrowclosed",
          "width": 22,
          "height": 22
        },
        "sourceHandle": "1743180528349-source-1",
        "targetHandle": "1743180526094-target-1",
        "selected": false
      }
    ]
  }
}