{
  "_id": "7fe9cd7d-9777-4063-a83c-96b10b33fb01",
  "aiPersonaId": "d7b6f510-5042-4d6e-a81a-cb2291e507f4",
  "integrationId": "view-portfolio-1512",
  "name": "Workflow for View Portfolio",
  "publisherAccountId": "81ed5e23-4e30-45ce-9c27-63b08616b46a",
  "startTaskId": "5ebbf14a-ae7d-430a-a0ff-1801c787bbf5",
  "status": "Active",
  "tasks": [
    {
      "_id": "5ebbf14a-ae7d-430a-a0ff-1801c787bbf5",
      "transitions": [],
      "type": "Display",
      "config": {
        "name": "Display",
        "description": "Display the response to the user",
        "type": "text",
        "text": "Hi there! Intent $input.intent has been matched"
      }
    }
  ],
  "type": "Conversational",
  "version": "latest"
}