{
  "_id": "d7b6f510-5042-4d6e-a81a-cb2291e507f4",
  "description": "",
  "inferenceEngine": {
    "modelId": "6a2b7ea6-2140-4046-b62e-f13f1a2d2dd5"
  },
  "integrationId": "automated-trader-5117",
  "integrations": {},
  "intentClassification": {
    "modelId": "6a2b7ea6-2140-4046-b62e-f13f1a2d2dd5"
  },
  "name": "Automated Trader",
  "publisherAccountId": "81ed5e23-4e30-45ce-9c27-63b08616b46a",
  "status": "Active",
  "useAsChatbot": true,
  "variables": {
    "secrets": [],
    "agent": [
      "investment_amount",
      "dataset",
      "hdfc_table",
      "js_input",
      "bearish_out",
      "dragonfly_var",
      "hammer_var"
    ]
  },
  "miniAgentIds": [
    "da226689-328b-4db7-b9b3-d9c19eb54de4",
    "3185ef2d-9156-4303-a08f-7a3ccb43bbb8",
    "806b6718-6370-4340-908d-c3be1421f041",
    "1f67ad2e-8890-4c8d-abf8-08d8bcc463b3",
    "deb67a2f-331d-4c52-9738-697725e159ab",
    "4fa80e1b-fa2f-4953-8303-0531556b9336",
    "ce8a8107-a2a4-4740-9213-b7072f83a98f",
    "6aa2b7ca-7b03-466e-a599-04447c657a6e",
    "67322605-52e2-488c-9b8c-12e8fef32a99"
  ],
  "miniAgents": [
    {
      "_id": "67322605-52e2-488c-9b8c-12e8fef32a99",
      "integrationId": "shooting-star-5370",
      "name": "Shooting star",
      "scope": "Calculate a confidence value based on LLM prompt and a table provided as input for shooting star",
      "intents": [
        {
          "_id": "0f000f3d-0566-4fe7-8438-068485e3230d",
          "name": "Shooting star",
          "description": "Handles execution of stock market trades such as buy, sell, short sell, hold based on large language model prompts.",
          "examples": [
            ""
          ],
          "workflowId": "d2671610-c032-4905-abc1-2d66dc83b827",
          "flowType": "Workflow"
        }
      ],
      "miniAgentId": "67322605-52e2-488c-9b8c-12e8fef32a99"
    },
    {
      "_id": "6aa2b7ca-7b03-466e-a599-04447c657a6e",
      "integrationId": "evening-star-0298",
      "name": "Evening star",
      "scope": "Calculate a confidence value based on LLM prompt and a table provided as input for evening star",
      "intents": [
        {
          "_id": "90133f99-22bd-4507-9b07-e98d067b37c1",
          "name": "Evening Star",
          "description": "Handles execution of stock market trades such as buy, sell, short sell, hold based on large language model prompts.",
          "examples": [
            ""
          ],
          "workflowId": "72f1a3e2-187b-401d-bdcc-756a4914dfc8",
          "flowType": "Workflow"
        }
      ],
      "miniAgentId": "6aa2b7ca-7b03-466e-a599-04447c657a6e"
    },
    {
      "_id": "ce8a8107-a2a4-4740-9213-b7072f83a98f",
      "integrationId": "hanging-man-3266",
      "name": "Hanging Man",
      "scope": "Calculate a confidence value based on LLM prompt and a table provided as input for hanging man",
      "intents": [
        {
          "_id": "e94027cf-0cd4-4b86-a229-ad9a94c0d17d",
          "name": "Hanging Man",
          "description": "Handles execution of stock market trades such as buy, sell, short sell, hold based on large language model prompts.",
          "examples": [
            ""
          ],
          "workflowId": "f7717446-79ab-455f-91c6-efb904f2cdd1",
          "flowType": "Workflow"
        }
      ],
      "miniAgentId": "ce8a8107-a2a4-4740-9213-b7072f83a98f"
    },
    {
      "_id": "4fa80e1b-fa2f-4953-8303-0531556b9336",
      "integrationId": "morning-star-7028",
      "name": "Morning Star",
      "scope": "Calculate a confidence value based on LLM prompt and a table provided as input for morning star",
      "intents": [
        {
          "_id": "7ba71ace-1576-4176-a7c8-e20e552f4a3f",
          "name": "Morning Star",
          "description": "Handles execution of stock market trades such as buy, sell, short sell, hold based on large language model prompts.",
          "examples": [
            ""
          ],
          "workflowId": "df0541e9-1e55-4ebb-934f-a078afaa9e4f",
          "flowType": "Workflow"
        }
      ],
      "miniAgentId": "4fa80e1b-fa2f-4953-8303-0531556b9336"
    },
    {
      "_id": "deb67a2f-331d-4c52-9738-697725e159ab",
      "integrationId": "hammer-6190",
      "name": "Hammer",
      "scope": "Calculate a confidence value based on LLM prompt and a table provided as input for hammer",
      "intents": [
        {
          "_id": "f7f82e39-abe6-471a-9b5f-cfff9363cf92",
          "name": "Hammer",
          "description": "Handles execution of stock market trades such as buy, sell, short sell, hold based on large language model prompts.",
          "examples": [
            ""
          ],
          "workflowId": "2e36614a-2ca7-4eed-ace7-b91e0f8ed76b",
          "flowType": "Workflow"
        }
      ],
      "miniAgentId": "deb67a2f-331d-4c52-9738-697725e159ab"
    },
    {
      "_id": "1f67ad2e-8890-4c8d-abf8-08d8bcc463b3",
      "integrationId": "dragonfly-doji-3581",
      "name": "Dragonfly Doji",
      "scope": "Calculate the confidence value for Dragonfly doji using LLM and dataset.",
      "intents": [
        {
          "_id": "55cd34ba-d4bb-4295-b96b-1b4ec736d351",
          "name": "Dragonfly doji",
          "description": "Handles execution of stock market trades such as buy, sell, short sell, hold based on large language model prompts.",
          "examples": [
            ""
          ],
          "workflowId": "37b56fc3-4692-43d2-bde6-fb99e534883a",
          "flowType": "Workflow"
        }
      ],
      "miniAgentId": "1f67ad2e-8890-4c8d-abf8-08d8bcc463b3"
    },
    {
      "_id": "806b6718-6370-4340-908d-c3be1421f041",
      "integrationId": "bearish-engulfing-8728",
      "name": "Bearish Engulfing",
      "scope": "Calculate a confidence value based on LLM prompt and a table provided as input for bearish engulfing",
      "intents": [
        {
          "_id": "8be5a505-5dbf-4b4d-a1fd-d3f45fa9e27d",
          "name": "Bearish Engulfing",
          "description": "Handles execution of stock market trades such as buy, sell, short sell, hold based on large language model prompts.",
          "examples": [
            ""
          ],
          "workflowId": "d87ce60d-a425-4342-92fa-36acacc57b1e",
          "flowType": "Workflow"
        }
      ],
      "miniAgentId": "806b6718-6370-4340-908d-c3be1421f041"
    },
    {
      "_id": "3185ef2d-9156-4303-a08f-7a3ccb43bbb8",
      "integrationId": "view-agent-5867",
      "name": "View Agent",
      "scope": "Display the transaction history and portfolio of the user",
      "intents": [
        {
          "_id": "b826e1b8-7610-40a8-a7e0-ed54c37f5ead",
          "name": "View Portfolio",
          "description": "View all the stocks that are owned by a user after trades are finished",
          "examples": [
            "Show portfolio"
          ],
          "workflowId": "7fe9cd7d-9777-4063-a83c-96b10b33fb01",
          "flowType": "Workflow"
        },
        {
          "_id": "6f0bd25a-ac27-485a-bb02-418f6f3f5091",
          "name": "View Transactions",
          "description": "Display the history of all transactions made by the user such as buy, sell, short sell.",
          "examples": [
            "Display transaction history"
          ],
          "workflowId": "362a6be5-7524-4f3e-81b6-e12ffeed7d59",
          "flowType": "Workflow"
        }
      ],
      "miniAgentId": "3185ef2d-9156-4303-a08f-7a3ccb43bbb8"
    },
    {
      "_id": "da226689-328b-4db7-b9b3-d9c19eb54de4",
      "integrationId": "autotrade-5350",
      "name": "Bullish Engulfing",
      "scope": "Calculate a confidence value based on LLM prompt and a table provided as input for bearish engulfing",
      "intents": [
        {
          "_id": "2d7af5f8-51cb-426b-8448-f0a80beb6d70",
          "name": "Bullish Engulfing",
          "description": "Handles execution of stock market trades such as buy, sell, short sell, hold based on large language model prompts.",
          "examples": [
            "Buy 10 shares of Tata Motors",
            "Sell 50 Shares of SBI",
            "Short Sell 100 Shares of HDFC",
            "Hold all shares of ICICI bank"
          ],
          "workflowId": "f37e80a8-5e96-43e4-8acb-1b46e74ae04b",
          "flowType": "Workflow"
        }
      ],
      "miniAgentId": "da226689-328b-4db7-b9b3-d9c19eb54de4"
    }
  ],
  "rags": [],
  "intentWorkflows": [
    {
      "_id": "2e36614a-2ca7-4eed-ace7-b91e0f8ed76b",
      "integrationId": "hammer-6196",
      "name": "Workflow for Hammer"
    },
    {
      "_id": "362a6be5-7524-4f3e-81b6-e12ffeed7d59",
      "integrationId": "view-transactions-9199",
      "name": "Workflow for View Transactions"
    },
    {
      "_id": "37b56fc3-4692-43d2-bde6-fb99e534883a",
      "integrationId": "dragonfly-doji-9447",
      "name": "Workflow for Dragonfly doji"
    },
    {
      "_id": "72f1a3e2-187b-401d-bdcc-756a4914dfc8",
      "integrationId": "evening-star-2363",
      "name": "Workflow for Evening Star"
    },
    {
      "_id": "7fe9cd7d-9777-4063-a83c-96b10b33fb01",
      "integrationId": "view-portfolio-1512",
      "name": "Workflow for View Portfolio"
    },
    {
      "_id": "d2671610-c032-4905-abc1-2d66dc83b827",
      "integrationId": "shooting-star-4741",
      "name": "Workflow for Shooting star"
    },
    {
      "_id": "d87ce60d-a425-4342-92fa-36acacc57b1e",
      "integrationId": "bearish-engulfing-8403",
      "name": "Workflow for Bearish Engulfing"
    },
    {
      "_id": "df0541e9-1e55-4ebb-934f-a078afaa9e4f",
      "integrationId": "morning-star-8608",
      "name": "Workflow for Morning Star"
    },
    {
      "_id": "f37e80a8-5e96-43e4-8acb-1b46e74ae04b",
      "integrationId": "trade-execution-3641",
      "name": "Workflow for Trade Execution"
    },
    {
      "_id": "f7717446-79ab-455f-91c6-efb904f2cdd1",
      "integrationId": "hanging-man-0177",
      "name": "Workflow for Hanging Man"
    }
  ]
}