{
  "_id": "6a2b7ea6-2140-4046-b62e-f13f1a2d2dd5",
  "name": "O1",
  "description": "A balanced AI model optimized for reasoning, coding, and general tasks, offering strong performance at a reasonable cost.",
  "provider": "OpenAI",
  "providerModelId": "o1",
  "type": "Chat",
  "isFineTunable": false,
  "isJSONResponseSupported": false,
  "disableTemperatureSupport": true,
  "supportedMimeTypes": [
    "image/png",
    "image/jpeg",
    "image/jpg",
    "image/webp",
    "image/gif"
  ],
  "price": {
    "input": {
      "basePrice": 15
    },
    "output": {
      "basePrice": 60
    }
  },
  "outgoingRequestIdentifierQuery": "body::jsonb ->> 'model' = 'o1'",
  "status": "Active",
  "creator": "OpenAI",
  "isFineTuned": false,
  "onDemandProvisioning": false
}