{
  "_id": "2e36614a-2ca7-4eed-ace7-b91e0f8ed76b",
  "aiPersonaId": "d7b6f510-5042-4d6e-a81a-cb2291e507f4",
  "integrationId": "hammer-6196",
  "name": "Workflow for Hammer",
  "publisherAccountId": "81ed5e23-4e30-45ce-9c27-63b08616b46a",
  "startTaskId": "1743180313624",
  "status": "Active",
  "tasks": [
    {
      "_id": "809ca37e-e7ed-4530-a7b3-028b191e4521",
      "type": "Display",
      "config": {
        "description": "Display the response to the user",
        "name": "Display",
        "type": "text",
        "text": "Hi there! Intent $input.intent has been matched",
        "formatVariables": [],
        "rawText": ""
      },
      "transitions": []
    },
    {
      "_id": "1743180313624",
      "type": "CollectionRead",
      "config": {
        "description": "Read data from table",
        "name": "Table Read",
        "collectionConfigId": "47fd12fb-9421-4fd0-be8f-15318b098371",
        "filters": "",
        "projections": ""
      },
      "transitions": [
        {
          "name": "Default",
          "_id": "1743180313624-1743180322498",
          "nextTask": "1743180322498"
        }
      ],
      "globalVariables": [
        {
          "name": "hammer_var",
          "referencePath": "$output.data"
        }
      ]
    },
    {
      "_id": "1743180322498",
      "type": "Prompt",
      "config": {
        "description": "Prompt for LLM",
        "name": "Prompt",
        "modelId": "4cf651d9-edf3-455f-a22e-53cc67fcc07b",
        "systemPrompt": "calculate a resemblance score for a hammer candlestick based on the table\nIt calculates three key components:\n\nSmall Body: This is 1 if the candle’s body size (|close - open|) ≤ 10% of the total range (high - low), and 0 otherwise.\n\nLower Shadow Ratio: Computed as the minimum of 1 and the ratio of the lower shadow (min(open, close) - low) to the candle’s total range (high - low).\n\nUpper Shadow Absence: This is 1 if the upper shadow (high - max(open, close)) ≤ 5% of the candle’s total range, and 0 otherwise.\n\nThese components are combined using a weighted sum (40% small body, 40% lower shadow ratio, and 20% upper shadow absence) to produce a final score, clamped between 0 and 1.\n\nFor each input in the table, provide a small response in the format:\nFinal Value: [score]\n\nExample Response:\nFinal Value: 0.75",
        "base64DocumentData": "",
        "documentIds": "",
        "responseFormat": "text",
        "query": "$input.data",
        "temperature": null
      },
      "transitions": [
        {
          "name": "Default",
          "_id": "1743180322498-809ca37e-e7ed-4530-a7b3-028b191e4521",
          "nextTask": "809ca37e-e7ed-4530-a7b3-028b191e4521"
        }
      ]
    }
  ],
  "type": "Conversational",
  "version": "latest",
  "reactflow": {
    "viewport": {
      "x": 9,
      "y": -26,
      "zoom": 1
    },
    "nodes": [
      {
        "id": "0",
        "type": "Start",
        "position": {
          "x": 360,
          "y": 400
        },
        "data": {},
        "deletable": false,
        "measured": {
          "width": 261,
          "height": 136
        },
        "selected": false
      },
      {
        "position": {
          "x": 840,
          "y": 400
        },
        "type": "Display",
        "id": "809ca37e-e7ed-4530-a7b3-028b191e4521",
        "data": {},
        "measured": {
          "width": 298,
          "height": 78
        },
        "selected": false
      },
      {
        "position": {
          "x": 463,
          "y": 217
        },
        "type": "CollectionRead",
        "id": "1743180313624",
        "data": {},
        "measured": {
          "width": 260,
          "height": 78
        },
        "selected": false,
        "dragging": false
      },
      {
        "position": {
          "x": 833,
          "y": 190
        },
        "type": "Prompt",
        "id": "1743180322498",
        "data": {},
        "measured": {
          "width": 260,
          "height": 78
        },
        "selected": false,
        "dragging": false
      }
    ],
    "edges": [
      {
        "id": "xy-edge__00-source-1-17431803136241743180313624-target-3",
        "type": "Start",
        "source": "0",
        "target": "1743180313624",
        "markerEnd": {
          "type": "arrowclosed",
          "width": 22,
          "height": 22
        },
        "sourceHandle": "0-source-1",
        "selected": false,
        "targetHandle": "1743180313624-target-3"
      },
      {
        "type": "Transition",
        "id": "1743180313624-1743180322498",
        "source": "1743180313624",
        "target": "1743180322498",
        "markerEnd": {
          "type": "arrowclosed",
          "width": 22,
          "height": 22
        },
        "sourceHandle": "1743180313624-source-2",
        "targetHandle": "1743180322498-target-2",
        "selected": false
      },
      {
        "type": "Transition",
        "id": "1743180322498-809ca37e-e7ed-4530-a7b3-028b191e4521",
        "source": "1743180322498",
        "target": "809ca37e-e7ed-4530-a7b3-028b191e4521",
        "markerEnd": {
          "type": "arrowclosed",
          "width": 22,
          "height": 22
        },
        "sourceHandle": "1743180322498-source-3",
        "targetHandle": "809ca37e-e7ed-4530-a7b3-028b191e4521-target-2",
        "selected": false
      }
    ]
  }
}