{
  "_id": "fcffd2d4-afb9-4f11-a356-31bf740c4313",
  "aiPersonaId": "d7b6f510-5042-4d6e-a81a-cb2291e507f4",
  "integrationId": "ma-autotrade-5350-primary-workflow-for-bullish-engulfing",
  "isMiniAgentPrimaryWorkflow": true,
  "name": "Primary Workflow for Bullish Engulfing",
  "publisherAccountId": "81ed5e23-4e30-45ce-9c27-63b08616b46a",
  "startTaskId": "380d1884-412d-4d98-b3b8-de90f0e2d8d3",
  "status": "Active",
  "tasks": [
    {
      "_id": "380d1884-412d-4d98-b3b8-de90f0e2d8d3",
      "type": "PassThrough",
      "config": {
        "name": "Pass Through",
        "description": "Pass through the input to the output"
      },
      "transitions": [
        {
          "_id": "a57517ea-a34f-4b82-b4eb-09df1f4c0cd1-380d1884-412d-4d98-b3b8-de90f0e2d8d3",
          "nextTask": "a57517ea-a34f-4b82-b4eb-09df1f4c0cd1",
          "name": "If query doesnt exists",
          "rules": [
            {
              "type": "any",
              "operator": "notExists",
              "path": "$output.query"
            }
          ]
        },
        {
          "_id": "90be0039-1ff1-4e1c-9de2-3752db0e62d6-380d1884-412d-4d98-b3b8-de90f0e2d8d3",
          "nextTask": "90be0039-1ff1-4e1c-9de2-3752db0e62d6",
          "name": "If intents are already classified",
          "rules": [
            {
              "type": "any",
              "operator": "exists",
              "path": "$output.intents"
            },
            {
              "type": "any",
              "operator": "exists",
              "path": "$output.query"
            }
          ]
        },
        {
          "_id": "380d1884-412d-4d98-b3b8-de90f0e2d8d3-c589a60c-6c2c-4e76-892c-83465ce35444",
          "name": "If query exists",
          "nextTask": "c589a60c-6c2c-4e76-892c-83465ce35444",
          "rules": [
            {
              "type": "any",
              "operator": "exists",
              "path": "$output.query"
            },
            {
              "type": "any",
              "operator": "notExists",
              "path": "$output.intents"
            }
          ]
        }
      ],
      "globalVariables": [
        {
          "name": "query",
          "referencePath": "$input.query"
        },
        {
          "name": "rawQuery",
          "referencePath": "$input.rawQuery"
        },
        {
          "name": "conversationId",
          "referencePath": "$input.conversationId"
        }
      ]
    },
    {
      "_id": "a57517ea-a34f-4b82-b4eb-09df1f4c0cd1",
      "type": "Input",
      "config": {
        "name": "User Input",
        "description": "Get user input",
        "type": "string"
      },
      "transitions": [
        {
          "_id": "a57517ea-a34f-4b82-b4eb-09df1f4c0cd1-c589a60c-6c2c-4e76-892c-83465ce35444",
          "name": "Default",
          "nextTask": "c589a60c-6c2c-4e76-892c-83465ce35444"
        }
      ],
      "globalVariables": [
        {
          "name": "query",
          "referencePath": "$output.userInput"
        },
        {
          "name": "rawQuery",
          "referencePath": "$output.userInput"
        },
        {
          "name": "selfLoopMiniAgent",
          "referencePath": "true"
        }
      ]
    },
    {
      "_id": "c589a60c-6c2c-4e76-892c-83465ce35444",
      "type": "Loader",
      "config": {
        "name": "Loader",
        "description": "Display loader message",
        "type": "loader",
        "text": "Just a moment... identifying the best approach to assist you."
      },
      "transitions": [
        {
          "_id": "c589a60c-6c2c-4e76-892c-83465ce35444-1ec66138-241b-4b58-8907-089a4369c64b",
          "name": "Default",
          "nextTask": "1ec66138-241b-4b58-8907-089a4369c64b"
        }
      ]
    },
    {
      "_id": "1ec66138-241b-4b58-8907-089a4369c64b",
      "type": "IntentClassification",
      "config": {
        "name": "Intent Classification",
        "description": "Classify the intent of the user message",
        "modelId": "4cf651d9-edf3-455f-a22e-53cc67fcc07b",
        "intents": [
          {
            "name": "Bullish Engulfing",
            "description": "Handles execution of stock market trades such as buy, sell, short sell, hold based on large language model prompts.",
            "examples": [
              "Buy 10 shares of Tata Motors",
              "Sell 50 Shares of SBI",
              "Short Sell 100 Shares of HDFC",
              "Hold all shares of ICICI bank"
            ]
          }
        ],
        "query": "$agent.query"
      },
      "transitions": [
        {
          "_id": "1ec66138-241b-4b58-8907-089a4369c64b-90be0039-1ff1-4e1c-9de2-3752db0e62d6",
          "name": "If Intent is Matched",
          "rules": [
            {
              "type": "string",
              "operator": "equal",
              "path": "$output.intentMatched",
              "value": "true"
            }
          ],
          "nextTask": "90be0039-1ff1-4e1c-9de2-3752db0e62d6"
        },
        {
          "_id": "1ec66138-241b-4b58-8907-089a4369c64b-3aeabfd8-af03-494b-8c90-74d53b2eb8ed",
          "name": "If No Intent is Matched",
          "rules": [
            {
              "type": "string",
              "operator": "equal",
              "path": "$output.intentMatched",
              "value": "false"
            }
          ],
          "nextTask": "3aeabfd8-af03-494b-8c90-74d53b2eb8ed"
        }
      ]
    },
    {
      "_id": "90be0039-1ff1-4e1c-9de2-3752db0e62d6",
      "type": "JSFunction",
      "config": {
        "name": "JS Function",
        "description": "Execute JS function",
        "code": "\nconst main = () => {\n    const currentExecutionId = _id;\n    const intents = agent?.icIntents?.[currentExecutionId] || input.intents;\n    const currentIndex = agent?.icLoopIndexes?.[currentExecutionId] || 0;\n    const currentIntent = intents[currentIndex] || {};\n    const { intent, task } = currentIntent;\n    const state = currentIndex === intents.length ? 'end' : 'continue'\n    const icLoopIndexes = { ...(agent?.icLoopIndexes || {}), [_id]: state === 'end' ? undefined : currentIndex + 1 };\n    const icIntents = { ...(agent?.icIntents || {}), [_id]: state === 'end' ? undefined : intents };\n    return { ...input, intent, state: currentIndex === intents.length ? 'end' : 'continue', icLoopIndexes, icIntents, query: task };\n};\n\nmain()\n"
      },
      "globalVariables": [
        {
          "referencePath": "$output.icLoopIndexes",
          "name": "icLoopIndexes"
        },
        {
          "referencePath": "$output.icIntents",
          "name": "icIntents"
        }
      ],
      "transitions": [
        {
          "_id": "90be0039-1ff1-4e1c-9de2-3752db0e62d6-100b9613-42fc-42b7-b629-37ea2b3d67d7",
          "name": "If Intent is Matched",
          "rules": [
            {
              "type": "string",
              "operator": "equal",
              "path": "$output.intent",
              "value": "Bullish Engulfing"
            }
          ],
          "nextTask": "100b9613-42fc-42b7-b629-37ea2b3d67d7"
        },
        {
          "_id": "90be0039-1ff1-4e1c-9de2-3752db0e62d6-a57517ea-a34f-4b82-b4eb-09df1f4c0cd1",
          "name": "If Self Loop",
          "rules": [
            {
              "type": "string",
              "operator": "equal",
              "path": "$agent.selfLoopMiniAgent",
              "value": "true"
            },
            {
              "type": "string",
              "operator": "equal",
              "path": "$output.state",
              "value": "end"
            }
          ],
          "nextTask": "a57517ea-a34f-4b82-b4eb-09df1f4c0cd1"
        }
      ]
    },
    {
      "_id": "100b9613-42fc-42b7-b629-37ea2b3d67d7",
      "type": "Workflow",
      "config": {
        "name": "Intent - Bullish Engulfing",
        "description": "Workflow for intent - Bullish Engulfing",
        "workflowId": "f37e80a8-5e96-43e4-8acb-1b46e74ae04b"
      },
      "transitions": [
        {
          "_id": "100b9613-42fc-42b7-b629-37ea2b3d67d7-90be0039-1ff1-4e1c-9de2-3752db0e62d6",
          "name": "Mini agent execution completed",
          "nextTask": "90be0039-1ff1-4e1c-9de2-3752db0e62d6"
        }
      ]
    },
    {
      "_id": "3aeabfd8-af03-494b-8c90-74d53b2eb8ed",
      "transitions": [
        {
          "_id": "3aeabfd8-af03-494b-8c90-74d53b2eb8ed-a57517ea-a34f-4b82-b4eb-09df1f4c0cd1",
          "name": "If Self Loop",
          "rules": [
            {
              "type": "string",
              "operator": "equal",
              "path": "$agent.selfLoopMiniAgent",
              "value": "true"
            }
          ],
          "nextTask": "a57517ea-a34f-4b82-b4eb-09df1f4c0cd1"
        }
      ],
      "type": "Output",
      "config": {
        "name": "Output",
        "description": "Output the response to the user",
        "type": "external",
        "text": "Unable to complete task $agent.query"
      }
    },
    {
      "_id": "78e06111-08b2-4772-bfab-acf8a6b8759d",
      "transitions": [
        {
          "_id": "78e06111-08b2-4772-bfab-acf8a6b8759d-a57517ea-a34f-4b82-b4eb-09df1f4c0cd1",
          "name": "If Self Loop",
          "rules": [
            {
              "type": "string",
              "operator": "equal",
              "path": "$agent.selfLoopMiniAgent",
              "value": "true"
            }
          ],
          "nextTask": "a57517ea-a34f-4b82-b4eb-09df1f4c0cd1"
        }
      ],
      "type": "Display",
      "config": {
        "name": "Display",
        "description": "Display the response to the user",
        "type": "text",
        "text": "$input.content"
      }
    }
  ],
  "type": "Conversational",
  "version": "latest"
}