{
  "_id": "c097ac7c-cab6-49b5-9624-1dc465e80a31",
  "aiPersonaId": "d7b6f510-5042-4d6e-a81a-cb2291e507f4",
  "integrationId": "ma-dragonfly-doji-3581-primary-workflow-for-dragonfly-doji",
  "isMiniAgentPrimaryWorkflow": true,
  "name": "Primary Workflow for Dragonfly Doji",
  "publisherAccountId": "81ed5e23-4e30-45ce-9c27-63b08616b46a",
  "startTaskId": "52b3e3e1-e297-425c-b36e-04be1b419751",
  "status": "Active",
  "tasks": [
    {
      "_id": "52b3e3e1-e297-425c-b36e-04be1b419751",
      "type": "PassThrough",
      "config": {
        "name": "Pass Through",
        "description": "Pass through the input to the output"
      },
      "transitions": [
        {
          "_id": "45fc7062-e6c4-4780-800c-f645f8ce3ac8-52b3e3e1-e297-425c-b36e-04be1b419751",
          "nextTask": "45fc7062-e6c4-4780-800c-f645f8ce3ac8",
          "name": "If query doesnt exists",
          "rules": [
            {
              "type": "any",
              "operator": "notExists",
              "path": "$output.query"
            }
          ]
        },
        {
          "_id": "0443dcc4-db2d-4252-aa1e-c7699591bd4a-52b3e3e1-e297-425c-b36e-04be1b419751",
          "nextTask": "0443dcc4-db2d-4252-aa1e-c7699591bd4a",
          "name": "If intents are already classified",
          "rules": [
            {
              "type": "any",
              "operator": "exists",
              "path": "$output.intents"
            },
            {
              "type": "any",
              "operator": "exists",
              "path": "$output.query"
            }
          ]
        },
        {
          "_id": "52b3e3e1-e297-425c-b36e-04be1b419751-e69cc94c-eea4-4dde-aa45-cc66b09bd55c",
          "name": "If query exists",
          "nextTask": "e69cc94c-eea4-4dde-aa45-cc66b09bd55c",
          "rules": [
            {
              "type": "any",
              "operator": "exists",
              "path": "$output.query"
            },
            {
              "type": "any",
              "operator": "notExists",
              "path": "$output.intents"
            }
          ]
        }
      ],
      "globalVariables": [
        {
          "name": "query",
          "referencePath": "$input.query"
        },
        {
          "name": "rawQuery",
          "referencePath": "$input.rawQuery"
        },
        {
          "name": "conversationId",
          "referencePath": "$input.conversationId"
        }
      ]
    },
    {
      "_id": "45fc7062-e6c4-4780-800c-f645f8ce3ac8",
      "type": "Input",
      "config": {
        "name": "User Input",
        "description": "Get user input",
        "type": "string"
      },
      "transitions": [
        {
          "_id": "45fc7062-e6c4-4780-800c-f645f8ce3ac8-e69cc94c-eea4-4dde-aa45-cc66b09bd55c",
          "name": "Default",
          "nextTask": "e69cc94c-eea4-4dde-aa45-cc66b09bd55c"
        }
      ],
      "globalVariables": [
        {
          "name": "query",
          "referencePath": "$output.userInput"
        },
        {
          "name": "rawQuery",
          "referencePath": "$output.userInput"
        },
        {
          "name": "selfLoopMiniAgent",
          "referencePath": "true"
        }
      ]
    },
    {
      "_id": "e69cc94c-eea4-4dde-aa45-cc66b09bd55c",
      "type": "Loader",
      "config": {
        "name": "Loader",
        "description": "Display loader message",
        "type": "loader",
        "text": "Just a moment... identifying the best approach to assist you."
      },
      "transitions": [
        {
          "_id": "e69cc94c-eea4-4dde-aa45-cc66b09bd55c-75887736-88b1-4b98-9cf5-0cb997e450e9",
          "name": "Default",
          "nextTask": "75887736-88b1-4b98-9cf5-0cb997e450e9"
        }
      ]
    },
    {
      "_id": "75887736-88b1-4b98-9cf5-0cb997e450e9",
      "type": "IntentClassification",
      "config": {
        "name": "Intent Classification",
        "description": "Classify the intent of the user message",
        "modelId": "4cf651d9-edf3-455f-a22e-53cc67fcc07b",
        "intents": [
          {
            "name": "Dragonfly doji",
            "description": "Handles execution of stock market trades such as buy, sell, short sell, hold based on large language model prompts.",
            "examples": [
              ""
            ]
          }
        ],
        "query": "$agent.query"
      },
      "transitions": [
        {
          "_id": "75887736-88b1-4b98-9cf5-0cb997e450e9-0443dcc4-db2d-4252-aa1e-c7699591bd4a",
          "name": "If Intent is Matched",
          "rules": [
            {
              "type": "string",
              "operator": "equal",
              "path": "$output.intentMatched",
              "value": "true"
            }
          ],
          "nextTask": "0443dcc4-db2d-4252-aa1e-c7699591bd4a"
        },
        {
          "_id": "75887736-88b1-4b98-9cf5-0cb997e450e9-7e4ac4e7-2cb5-4d87-bf52-4f7b7db8d9ca",
          "name": "If No Intent is Matched",
          "rules": [
            {
              "type": "string",
              "operator": "equal",
              "path": "$output.intentMatched",
              "value": "false"
            }
          ],
          "nextTask": "7e4ac4e7-2cb5-4d87-bf52-4f7b7db8d9ca"
        }
      ]
    },
    {
      "_id": "0443dcc4-db2d-4252-aa1e-c7699591bd4a",
      "type": "JSFunction",
      "config": {
        "name": "JS Function",
        "description": "Execute JS function",
        "code": "\nconst main = () => {\n    const currentExecutionId = _id;\n    const intents = agent?.icIntents?.[currentExecutionId] || input.intents;\n    const currentIndex = agent?.icLoopIndexes?.[currentExecutionId] || 0;\n    const currentIntent = intents[currentIndex] || {};\n    const { intent, task } = currentIntent;\n    const state = currentIndex === intents.length ? 'end' : 'continue'\n    const icLoopIndexes = { ...(agent?.icLoopIndexes || {}), [_id]: state === 'end' ? undefined : currentIndex + 1 };\n    const icIntents = { ...(agent?.icIntents || {}), [_id]: state === 'end' ? undefined : intents };\n    return { ...input, intent, state: currentIndex === intents.length ? 'end' : 'continue', icLoopIndexes, icIntents, query: task };\n};\n\nmain()\n"
      },
      "globalVariables": [
        {
          "referencePath": "$output.icLoopIndexes",
          "name": "icLoopIndexes"
        },
        {
          "referencePath": "$output.icIntents",
          "name": "icIntents"
        }
      ],
      "transitions": [
        {
          "_id": "0443dcc4-db2d-4252-aa1e-c7699591bd4a-fc28933f-a0b5-4812-91cf-87a7d52bf660",
          "name": "If Intent is Matched",
          "rules": [
            {
              "type": "string",
              "operator": "equal",
              "path": "$output.intent",
              "value": "Dragonfly doji"
            }
          ],
          "nextTask": "fc28933f-a0b5-4812-91cf-87a7d52bf660"
        },
        {
          "_id": "0443dcc4-db2d-4252-aa1e-c7699591bd4a-45fc7062-e6c4-4780-800c-f645f8ce3ac8",
          "name": "If Self Loop",
          "rules": [
            {
              "type": "string",
              "operator": "equal",
              "path": "$agent.selfLoopMiniAgent",
              "value": "true"
            },
            {
              "type": "string",
              "operator": "equal",
              "path": "$output.state",
              "value": "end"
            }
          ],
          "nextTask": "45fc7062-e6c4-4780-800c-f645f8ce3ac8"
        }
      ]
    },
    {
      "_id": "fc28933f-a0b5-4812-91cf-87a7d52bf660",
      "type": "Workflow",
      "config": {
        "name": "Intent - Dragonfly doji",
        "description": "Workflow for intent - Dragonfly doji",
        "workflowId": "37b56fc3-4692-43d2-bde6-fb99e534883a"
      },
      "transitions": [
        {
          "_id": "fc28933f-a0b5-4812-91cf-87a7d52bf660-0443dcc4-db2d-4252-aa1e-c7699591bd4a",
          "name": "Mini agent execution completed",
          "nextTask": "0443dcc4-db2d-4252-aa1e-c7699591bd4a"
        }
      ]
    },
    {
      "_id": "7e4ac4e7-2cb5-4d87-bf52-4f7b7db8d9ca",
      "transitions": [
        {
          "_id": "7e4ac4e7-2cb5-4d87-bf52-4f7b7db8d9ca-45fc7062-e6c4-4780-800c-f645f8ce3ac8",
          "name": "If Self Loop",
          "rules": [
            {
              "type": "string",
              "operator": "equal",
              "path": "$agent.selfLoopMiniAgent",
              "value": "true"
            }
          ],
          "nextTask": "45fc7062-e6c4-4780-800c-f645f8ce3ac8"
        }
      ],
      "type": "Output",
      "config": {
        "name": "Output",
        "description": "Output the response to the user",
        "type": "external",
        "text": "Unable to complete task $agent.query"
      }
    },
    {
      "_id": "c79642b6-9f6f-434f-ad57-2338b37fc581",
      "transitions": [
        {
          "_id": "c79642b6-9f6f-434f-ad57-2338b37fc581-45fc7062-e6c4-4780-800c-f645f8ce3ac8",
          "name": "If Self Loop",
          "rules": [
            {
              "type": "string",
              "operator": "equal",
              "path": "$agent.selfLoopMiniAgent",
              "value": "true"
            }
          ],
          "nextTask": "45fc7062-e6c4-4780-800c-f645f8ce3ac8"
        }
      ],
      "type": "Display",
      "config": {
        "name": "Display",
        "description": "Display the response to the user",
        "type": "text",
        "text": "$input.content"
      }
    }
  ],
  "type": "Conversational",
  "version": "latest"
}