{
  "_id": "2f8ad730-c37a-4316-980e-a7fa4d655599",
  "aiPersonaId": "d7b6f510-5042-4d6e-a81a-cb2291e507f4",
  "integrationId": "ma-shooting-star-5370-primary-workflow-for-shooting-star",
  "isMiniAgentPrimaryWorkflow": true,
  "name": "Primary Workflow for Shooting star",
  "publisherAccountId": "81ed5e23-4e30-45ce-9c27-63b08616b46a",
  "startTaskId": "7c050246-6443-42df-865c-5ae7b88f0e48",
  "status": "Active",
  "tasks": [
    {
      "_id": "7c050246-6443-42df-865c-5ae7b88f0e48",
      "type": "PassThrough",
      "config": {
        "name": "Pass Through",
        "description": "Pass through the input to the output"
      },
      "transitions": [
        {
          "_id": "d3ae56ae-823a-48fc-b1bd-50298ebce124-7c050246-6443-42df-865c-5ae7b88f0e48",
          "nextTask": "d3ae56ae-823a-48fc-b1bd-50298ebce124",
          "name": "If query doesnt exists",
          "rules": [
            {
              "type": "any",
              "operator": "notExists",
              "path": "$output.query"
            }
          ]
        },
        {
          "_id": "b59f539f-dc06-4e4d-b4af-4d3dd9b0b3bb-7c050246-6443-42df-865c-5ae7b88f0e48",
          "nextTask": "b59f539f-dc06-4e4d-b4af-4d3dd9b0b3bb",
          "name": "If intents are already classified",
          "rules": [
            {
              "type": "any",
              "operator": "exists",
              "path": "$output.intents"
            },
            {
              "type": "any",
              "operator": "exists",
              "path": "$output.query"
            }
          ]
        },
        {
          "_id": "7c050246-6443-42df-865c-5ae7b88f0e48-6ce66a04-8814-4ee8-b1e4-c4b4b46b0d1d",
          "name": "If query exists",
          "nextTask": "6ce66a04-8814-4ee8-b1e4-c4b4b46b0d1d",
          "rules": [
            {
              "type": "any",
              "operator": "exists",
              "path": "$output.query"
            },
            {
              "type": "any",
              "operator": "notExists",
              "path": "$output.intents"
            }
          ]
        }
      ],
      "globalVariables": [
        {
          "name": "query",
          "referencePath": "$input.query"
        },
        {
          "name": "rawQuery",
          "referencePath": "$input.rawQuery"
        },
        {
          "name": "conversationId",
          "referencePath": "$input.conversationId"
        }
      ]
    },
    {
      "_id": "d3ae56ae-823a-48fc-b1bd-50298ebce124",
      "type": "Input",
      "config": {
        "name": "User Input",
        "description": "Get user input",
        "type": "string"
      },
      "transitions": [
        {
          "_id": "d3ae56ae-823a-48fc-b1bd-50298ebce124-6ce66a04-8814-4ee8-b1e4-c4b4b46b0d1d",
          "name": "Default",
          "nextTask": "6ce66a04-8814-4ee8-b1e4-c4b4b46b0d1d"
        }
      ],
      "globalVariables": [
        {
          "name": "query",
          "referencePath": "$output.userInput"
        },
        {
          "name": "rawQuery",
          "referencePath": "$output.userInput"
        },
        {
          "name": "selfLoopMiniAgent",
          "referencePath": "true"
        }
      ]
    },
    {
      "_id": "6ce66a04-8814-4ee8-b1e4-c4b4b46b0d1d",
      "type": "Loader",
      "config": {
        "name": "Loader",
        "description": "Display loader message",
        "type": "loader",
        "text": "Just a moment... identifying the best approach to assist you."
      },
      "transitions": [
        {
          "_id": "6ce66a04-8814-4ee8-b1e4-c4b4b46b0d1d-6c8d0904-114b-43fd-9a00-35c7846eb854",
          "name": "Default",
          "nextTask": "6c8d0904-114b-43fd-9a00-35c7846eb854"
        }
      ]
    },
    {
      "_id": "6c8d0904-114b-43fd-9a00-35c7846eb854",
      "type": "IntentClassification",
      "config": {
        "name": "Intent Classification",
        "description": "Classify the intent of the user message",
        "modelId": "4cf651d9-edf3-455f-a22e-53cc67fcc07b",
        "intents": [
          {
            "name": "Shooting star",
            "description": "Handles execution of stock market trades such as buy, sell, short sell, hold based on large language model prompts.",
            "examples": [
              ""
            ]
          }
        ],
        "query": "$agent.query"
      },
      "transitions": [
        {
          "_id": "6c8d0904-114b-43fd-9a00-35c7846eb854-b59f539f-dc06-4e4d-b4af-4d3dd9b0b3bb",
          "name": "If Intent is Matched",
          "rules": [
            {
              "type": "string",
              "operator": "equal",
              "path": "$output.intentMatched",
              "value": "true"
            }
          ],
          "nextTask": "b59f539f-dc06-4e4d-b4af-4d3dd9b0b3bb"
        },
        {
          "_id": "6c8d0904-114b-43fd-9a00-35c7846eb854-601b4806-f58b-45e1-bea0-6be9b2899caa",
          "name": "If No Intent is Matched",
          "rules": [
            {
              "type": "string",
              "operator": "equal",
              "path": "$output.intentMatched",
              "value": "false"
            }
          ],
          "nextTask": "601b4806-f58b-45e1-bea0-6be9b2899caa"
        }
      ]
    },
    {
      "_id": "b59f539f-dc06-4e4d-b4af-4d3dd9b0b3bb",
      "type": "JSFunction",
      "config": {
        "name": "JS Function",
        "description": "Execute JS function",
        "code": "\nconst main = () => {\n    const currentExecutionId = _id;\n    const intents = agent?.icIntents?.[currentExecutionId] || input.intents;\n    const currentIndex = agent?.icLoopIndexes?.[currentExecutionId] || 0;\n    const currentIntent = intents[currentIndex] || {};\n    const { intent, task } = currentIntent;\n    const state = currentIndex === intents.length ? 'end' : 'continue'\n    const icLoopIndexes = { ...(agent?.icLoopIndexes || {}), [_id]: state === 'end' ? undefined : currentIndex + 1 };\n    const icIntents = { ...(agent?.icIntents || {}), [_id]: state === 'end' ? undefined : intents };\n    return { ...input, intent, state: currentIndex === intents.length ? 'end' : 'continue', icLoopIndexes, icIntents, query: task };\n};\n\nmain()\n"
      },
      "globalVariables": [
        {
          "referencePath": "$output.icLoopIndexes",
          "name": "icLoopIndexes"
        },
        {
          "referencePath": "$output.icIntents",
          "name": "icIntents"
        }
      ],
      "transitions": [
        {
          "_id": "b59f539f-dc06-4e4d-b4af-4d3dd9b0b3bb-90e0bb22-0eec-46ca-a363-564329990dcf",
          "name": "If Intent is Matched",
          "rules": [
            {
              "type": "string",
              "operator": "equal",
              "path": "$output.intent",
              "value": "Shooting star"
            }
          ],
          "nextTask": "90e0bb22-0eec-46ca-a363-564329990dcf"
        },
        {
          "_id": "b59f539f-dc06-4e4d-b4af-4d3dd9b0b3bb-d3ae56ae-823a-48fc-b1bd-50298ebce124",
          "name": "If Self Loop",
          "rules": [
            {
              "type": "string",
              "operator": "equal",
              "path": "$agent.selfLoopMiniAgent",
              "value": "true"
            },
            {
              "type": "string",
              "operator": "equal",
              "path": "$output.state",
              "value": "end"
            }
          ],
          "nextTask": "d3ae56ae-823a-48fc-b1bd-50298ebce124"
        }
      ]
    },
    {
      "_id": "90e0bb22-0eec-46ca-a363-564329990dcf",
      "type": "Workflow",
      "config": {
        "name": "Intent - Shooting star",
        "description": "Workflow for intent - Shooting star",
        "workflowId": "d2671610-c032-4905-abc1-2d66dc83b827"
      },
      "transitions": [
        {
          "_id": "90e0bb22-0eec-46ca-a363-564329990dcf-b59f539f-dc06-4e4d-b4af-4d3dd9b0b3bb",
          "name": "Mini agent execution completed",
          "nextTask": "b59f539f-dc06-4e4d-b4af-4d3dd9b0b3bb"
        }
      ]
    },
    {
      "_id": "601b4806-f58b-45e1-bea0-6be9b2899caa",
      "transitions": [
        {
          "_id": "601b4806-f58b-45e1-bea0-6be9b2899caa-d3ae56ae-823a-48fc-b1bd-50298ebce124",
          "name": "If Self Loop",
          "rules": [
            {
              "type": "string",
              "operator": "equal",
              "path": "$agent.selfLoopMiniAgent",
              "value": "true"
            }
          ],
          "nextTask": "d3ae56ae-823a-48fc-b1bd-50298ebce124"
        }
      ],
      "type": "Output",
      "config": {
        "name": "Output",
        "description": "Output the response to the user",
        "type": "external",
        "text": "Unable to complete task $agent.query"
      }
    },
    {
      "_id": "fababdd8-65f2-4f50-b499-2d9f6ba92c9b",
      "transitions": [
        {
          "_id": "fababdd8-65f2-4f50-b499-2d9f6ba92c9b-d3ae56ae-823a-48fc-b1bd-50298ebce124",
          "name": "If Self Loop",
          "rules": [
            {
              "type": "string",
              "operator": "equal",
              "path": "$agent.selfLoopMiniAgent",
              "value": "true"
            }
          ],
          "nextTask": "d3ae56ae-823a-48fc-b1bd-50298ebce124"
        }
      ],
      "type": "Display",
      "config": {
        "name": "Display",
        "description": "Display the response to the user",
        "type": "text",
        "text": "$input.content"
      }
    }
  ],
  "type": "Conversational",
  "version": "latest"
}