{
  "_id": "d2671610-c032-4905-abc1-2d66dc83b827",
  "aiPersonaId": "d7b6f510-5042-4d6e-a81a-cb2291e507f4",
  "integrationId": "shooting-star-4741",
  "name": "Workflow for Shooting star",
  "publisherAccountId": "81ed5e23-4e30-45ce-9c27-63b08616b46a",
  "startTaskId": "1743180846016",
  "status": "Active",
  "tasks": [
    {
      "_id": "8dbb5fd5-e4d5-4f2f-b172-4e78a72b92b2",
      "type": "Display",
      "config": {
        "description": "Display the response to the user",
        "name": "Display",
        "type": "text",
        "text": "Hi there! Intent $input.intent has been matched"
      },
      "transitions": []
    },
    {
      "_id": "1743180846016",
      "type": "CollectionRead",
      "config": {
        "description": "Read data from table",
        "name": "Table Read",
        "collectionConfigId": "47fd12fb-9421-4fd0-be8f-15318b098371",
        "filters": "",
        "projections": ""
      },
      "transitions": [
        {
          "name": "Default",
          "_id": "1743180846016-1743180848185",
          "nextTask": "1743180848185"
        }
      ],
      "globalVariables": [
        {
          "name": "bearish_out",
          "referencePath": "$output.data"
        }
      ]
    },
    {
      "_id": "1743180848185",
      "type": "Prompt",
      "config": {
        "description": "Prompt for LLM",
        "name": "Prompt",
        "modelId": "4cf651d9-edf3-455f-a22e-53cc67fcc07b",
        "systemPrompt": "calculates a resemblance score for a shooting star candlestick based on the table\nIt calculates three key components:\n\nSmall Body: This is 1 if the candle’s body size (|close - open|) ≤ 10% of the total range (high - low), and 0 otherwise.\n\nUpper Shadow Ratio: Computed as the minimum of 1 and the ratio of the upper shadow (high - max(open, close)) to the candle’s total range (high - low).\n\nLower Shadow Absence: This is 1 if the lower shadow (min(open, close) - low) ≤ 5% of the candle’s total range, and 0 otherwise.\n\nThese components are combined using a weighted sum (40% small body, 40% upper shadow ratio, and 20% lower shadow absence) to produce a final score, clamped between 0 and 1.\n\nFor each input in the table, provide a small response in the format:\nFinal Value: [score]\n\nExample Response:\nFinal Value: 0.69",
        "base64DocumentData": "",
        "documentIds": "",
        "responseFormat": "text",
        "query": "$input.data",
        "temperature": null
      },
      "transitions": [
        {
          "name": "Default",
          "_id": "1743180848185-8dbb5fd5-e4d5-4f2f-b172-4e78a72b92b2",
          "nextTask": "8dbb5fd5-e4d5-4f2f-b172-4e78a72b92b2"
        }
      ]
    }
  ],
  "type": "Conversational",
  "version": "latest",
  "reactflow": {
    "viewport": {
      "x": 0,
      "y": 0,
      "zoom": 1
    },
    "nodes": [
      {
        "id": "0",
        "type": "Start",
        "position": {
          "x": 360,
          "y": 400
        },
        "data": {},
        "deletable": false,
        "measured": {
          "width": 261,
          "height": 136
        },
        "selected": false
      },
      {
        "position": {
          "x": 840,
          "y": 400
        },
        "type": "Display",
        "id": "8dbb5fd5-e4d5-4f2f-b172-4e78a72b92b2",
        "data": {},
        "measured": {
          "width": 298,
          "height": 78
        },
        "selected": false
      },
      {
        "position": {
          "x": 360,
          "y": 220
        },
        "type": "CollectionRead",
        "id": "1743180846016",
        "data": {},
        "measured": {
          "width": 260,
          "height": 78
        },
        "selected": false,
        "dragging": false
      },
      {
        "position": {
          "x": 793,
          "y": 180
        },
        "type": "Prompt",
        "id": "1743180848185",
        "data": {},
        "measured": {
          "width": 260,
          "height": 78
        },
        "selected": false,
        "dragging": false
      }
    ],
    "edges": [
      {
        "id": "xy-edge__00-source-1-17431808460161743180846016-target-3",
        "type": "Start",
        "source": "0",
        "target": "1743180846016",
        "markerEnd": {
          "type": "arrowclosed",
          "width": 22,
          "height": 22
        },
        "sourceHandle": "0-source-1",
        "selected": false,
        "targetHandle": "1743180846016-target-3"
      },
      {
        "type": "Transition",
        "id": "1743180846016-1743180848185",
        "source": "1743180846016",
        "target": "1743180848185",
        "markerEnd": {
          "type": "arrowclosed",
          "width": 22,
          "height": 22
        },
        "sourceHandle": "1743180846016-source-1",
        "targetHandle": "1743180848185-target-1",
        "selected": false
      },
      {
        "type": "Transition",
        "id": "1743180848185-8dbb5fd5-e4d5-4f2f-b172-4e78a72b92b2",
        "source": "1743180848185",
        "target": "8dbb5fd5-e4d5-4f2f-b172-4e78a72b92b2",
        "markerEnd": {
          "type": "arrowclosed",
          "width": 22,
          "height": 22
        },
        "sourceHandle": "1743180848185-source-3",
        "targetHandle": "8dbb5fd5-e4d5-4f2f-b172-4e78a72b92b2-target-2",
        "selected": false
      }
    ]
  }
}