{
  "_id": "f37e80a8-5e96-43e4-8acb-1b46e74ae04b",
  "aiPersonaId": "d7b6f510-5042-4d6e-a81a-cb2291e507f4",
  "integrationId": "trade-execution-3641",
  "name": "Workflow for Trade Execution",
  "publisherAccountId": "81ed5e23-4e30-45ce-9c27-63b08616b46a",
  "startTaskId": "1743174520277",
  "status": "Active",
  "tasks": [
    {
      "_id": "7aa5d090-86f9-44d1-9e87-703b271dbc62",
      "type": "Display",
      "config": {
        "description": "Display the response to the user",
        "name": "Display",
        "type": "text",
        "text": "Hi there! Intent $input.intent has been matched",
        "formatVariables": [],
        "rawText": ""
      },
      "transitions": []
    },
    {
      "_id": "1743173946901",
      "type": "Prompt",
      "config": {
        "description": "Prompt for LLM",
        "name": "Prompt",
        "modelId": "4cf651d9-edf3-455f-a22e-53cc67fcc07b",
        "base64DocumentData": "",
        "documentIds": "",
        "responseFormat": "text",
        "query": "$input.data",
        "numOfConversationTurns": 0,
        "systemPrompt": "calculates a resemblance score for a bullish engulfing based on the table\nIt calculates three key components:\n\nBullish Strength: This is 1 if the current candle is bullish (close > open) and 0 otherwise.\n\nBody Engulf Ratio: This is computed as the minimum of 1 and the ratio of the current candle's body (close - open) to the absolute difference of the previous candle’s open and close.\n\nRange Engulf Ratio: This is computed as the minimum of 1 and the ratio of the current candle's body (close - open) to the range of the previous candle (prev_high - prev_low).\n\nThese components are then combined using a weighted sum (40% bullish strength, 30% body engulf ratio, and 30% range engulf ratio) to produce a final score, which is clamped between 0 and 1.\n\nThe input you will receive is in the format timestamp, open, high, low, close in the table read section before.\nThese components are then combined using a weighted sum (40% bullish strength, 30% body engulf ratio, and 30% range engulf ratio) to produce a final score, which is clamped between 0 and 1.\n\nProvide a small response in the format below for each input in the table\n\nFinal Value:",
        "temperature": null
      },
      "transitions": [
        {
          "name": "Default",
          "_id": "1743173946901-7aa5d090-86f9-44d1-9e87-703b271dbc62",
          "nextTask": "7aa5d090-86f9-44d1-9e87-703b271dbc62"
        }
      ],
      "globalVariables": []
    },
    {
      "_id": "1743174520277",
      "type": "CollectionRead",
      "config": {
        "description": "Read data from table",
        "name": "Table Read",
        "collectionConfigId": "47fd12fb-9421-4fd0-be8f-15318b098371",
        "filters": "",
        "projections": ""
      },
      "transitions": [
        {
          "name": "Default",
          "_id": "1743174520277-1743173946901",
          "nextTask": "1743173946901"
        }
      ],
      "globalVariables": [
        {
          "name": "hdfc_table",
          "referencePath": "$output.data"
        }
      ]
    }
  ],
  "type": "Conversational",
  "version": "latest",
  "reactflow": {
    "viewport": {
      "x": -81.64699906651458,
      "y": 15.440078461392261,
      "zoom": 1
    },
    "nodes": [
      {
        "id": "0",
        "type": "Start",
        "position": {
          "x": 404,
          "y": 384
        },
        "data": {},
        "deletable": false,
        "measured": {
          "width": 261,
          "height": 136
        },
        "selected": false
      },
      {
        "position": {
          "x": 949,
          "y": 324
        },
        "type": "Display",
        "id": "7aa5d090-86f9-44d1-9e87-703b271dbc62",
        "data": {},
        "measured": {
          "width": 298,
          "height": 78
        },
        "selected": false,
        "dragging": false
      },
      {
        "position": {
          "x": 568,
          "y": 96
        },
        "type": "Prompt",
        "id": "1743173946901",
        "data": {},
        "measured": {
          "width": 260,
          "height": 78
        },
        "selected": false,
        "dragging": false
      },
      {
        "position": {
          "x": 416.1489102726852,
          "y": 206.1877078861457
        },
        "type": "CollectionRead",
        "id": "1743174520277",
        "data": {},
        "measured": {
          "width": 260,
          "height": 78
        },
        "selected": false,
        "dragging": false
      }
    ],
    "edges": [
      {
        "id": "0-1743174520277",
        "type": "Start",
        "source": "0",
        "target": "1743174520277",
        "markerEnd": {
          "type": "arrowclosed",
          "width": 22,
          "height": 22
        },
        "sourceHandle": "0-source-1",
        "targetHandle": "1743174520277-target-3",
        "selected": false
      },
      {
        "type": "Transition",
        "id": "1743173946901-7aa5d090-86f9-44d1-9e87-703b271dbc62",
        "source": "1743173946901",
        "target": "7aa5d090-86f9-44d1-9e87-703b271dbc62",
        "markerEnd": {
          "type": "arrowclosed",
          "width": 22,
          "height": 22
        },
        "sourceHandle": "1743173946901-source-1",
        "targetHandle": "7aa5d090-86f9-44d1-9e87-703b271dbc62-target-1",
        "selected": false
      },
      {
        "type": "Transition",
        "id": "1743174520277-1743173946901",
        "source": "1743174520277",
        "target": "1743173946901",
        "markerEnd": {
          "type": "arrowclosed",
          "width": 22,
          "height": 22
        },
        "sourceHandle": "1743174520277-source-2",
        "targetHandle": "1743173946901-target-1",
        "selected": false
      }
    ]
  }
}