{
  "_id": "362a6be5-7524-4f3e-81b6-e12ffeed7d59",
  "aiPersonaId": "d7b6f510-5042-4d6e-a81a-cb2291e507f4",
  "integrationId": "view-transactions-9199",
  "name": "Workflow for View Transactions",
  "publisherAccountId": "81ed5e23-4e30-45ce-9c27-63b08616b46a",
  "startTaskId": "3fb40177-156e-4473-9200-3424914aac89",
  "status": "Active",
  "tasks": [
    {
      "_id": "3fb40177-156e-4473-9200-3424914aac89",
      "transitions": [],
      "type": "Display",
      "config": {
        "name": "Display",
        "description": "Display the response to the user",
        "type": "text",
        "text": "Hi there! Intent $input.intent has been matched"
      }
    }
  ],
  "type": "Conversational",
  "version": "latest"
}